-- phpMyAdmin SQL Dump
-- version 5.0.0-alpha1
-- https://www.phpmyadmin.net/
--
-- Host: localhost
-- Generation Time: Dec 28, 2019 at 10:53 AM
-- Server version: 5.5.62
-- PHP Version: 7.3.12RC1

SET SQL_MODE = "NO_AUTO_VALUE_ON_ZERO";
SET AUTOCOMMIT = 0;
START TRANSACTION;
SET time_zone = "+00:00";


/*!40101 SET @OLD_CHARACTER_SET_CLIENT=@@CHARACTER_SET_CLIENT */;
/*!40101 SET @OLD_CHARACTER_SET_RESULTS=@@CHARACTER_SET_RESULTS */;
/*!40101 SET @OLD_COLLATION_CONNECTION=@@COLLATION_CONNECTION */;
/*!40101 SET NAMES utf8mb4 */;

--
-- Database: `iE104Web`
--
CREATE DATABASE IF NOT EXISTS `iE104Web` DEFAULT CHARACTER SET utf8 COLLATE utf8_unicode_ci;
USE `iE104Web`;
-- --------------------------------------------------------

--
-- Table structure for table `danhmuc_sanpham`
--

CREATE TABLE `danhmuc_sanpham` (
  `danhmuc_sanpham_id` int(11) NOT NULL,
  `ten_danhmuc_sanpham` varchar(255) NOT NULL,
  `logo` text,
  `banner` text,
  `trangthai` tinyint(1) NOT NULL DEFAULT '1'
) ENGINE=InnoDB DEFAULT CHARSET=utf8;

--
-- Dumping data for table `danhmuc_sanpham`
--

INSERT INTO `danhmuc_sanpham` (`danhmuc_sanpham_id`, `ten_danhmuc_sanpham`, `logo`, `banner`, `trangthai`) VALUES
(19, 'CASIO', 'Casio-Logo.png', 'banner-Casio.jpg', 1),
(20, 'CITIZEN', 'Citizen-Logo.png', 'banner-CITIZEN.jpg', 1),
(22, 'TISSOT', 'Tissot-Logo.png', 'banner-DONG-HO-TISSOT.jpg', 1),
(26, 'G-SHOCK', 'GShock-BabyG.png', 'G-shock.jpg', 1),
(27, 'CALVIN KLEIN', 'CK-Logo.png', 'ck-banner.jpg', 1),
(32, 'DOXA', 'logo-doxa.png', 'doxa-banner-dong-ho-kim-cuong.jpg', 0),
(33, 'SEIKO', 'Seiko-Logo.png', 'banner-seiko.jpg', 1);

-- --------------------------------------------------------

--
-- Table structure for table `giohang`
--

CREATE TABLE `giohang` (
  `giohang_id` int(11) NOT NULL,
  `nguoidung_id` int(11) NOT NULL,
  `dathang` tinyint(1) NOT NULL DEFAULT '0',
  `lienlac` tinyint(1) NOT NULL,
  `xuly` tinyint(1) NOT NULL,
  `ngaytao` datetime NOT NULL
) ENGINE=InnoDB DEFAULT CHARSET=utf8 COLLATE=utf8_unicode_ci;

--
-- Dumping data for table `giohang`
--

INSERT INTO `giohang` (`giohang_id`, `nguoidung_id`, `dathang`, `lienlac`, `xuly`, `ngaytao`) VALUES
(1, 2, 1, 1, 1, '2019-12-03 11:23:12'),
(2, 2, 1, 1, 1, '2019-12-03 14:30:38'),
(8, 5, 1, 1, 1, '2019-12-04 11:13:31'),
(9, 3, 1, 1, 1, '2019-12-09 00:28:50'),
(10, 2, 1, 0, 0, '2019-12-11 18:59:52'),
(11, 2, 1, 0, 0, '2019-12-27 23:46:46'),
(12, 2, 1, 1, 1, '2019-12-28 10:44:36');

-- --------------------------------------------------------

--
-- Table structure for table `giohang_chitiet`
--

CREATE TABLE `giohang_chitiet` (
  `giohang_id` int(11) NOT NULL,
  `sanpham_id` int(11) NOT NULL,
  `soluong` int(2) NOT NULL
) ENGINE=InnoDB DEFAULT CHARSET=utf8 COLLATE=utf8_unicode_ci;

--
-- Dumping data for table `giohang_chitiet`
--

INSERT INTO `giohang_chitiet` (`giohang_id`, `sanpham_id`, `soluong`) VALUES
(1, 62, 2),
(2, 47, 1),
(8, 55, 1),
(9, 82, 1),
(10, 80, 1),
(11, 48, 1),
(11, 88, 1),
(12, 59, 3),
(12, 61, 2);

-- --------------------------------------------------------

--
-- Table structure for table `nguoidung`
--

CREATE TABLE `nguoidung` (
  `nguoidung_id` int(11) NOT NULL,
  `email` varchar(255) NOT NULL,
  `matkhau` varchar(255) NOT NULL,
  `hovaten` text,
  `dienthoai` varchar(10) NOT NULL,
  `gioitinh` tinyint(1) NOT NULL DEFAULT '1',
  `trangthai` int(11) NOT NULL,
  `nhom_nguoidung_id` int(11) NOT NULL,
  `diachi` text
) ENGINE=InnoDB DEFAULT CHARSET=utf8;

--
-- Dumping data for table `nguoidung`
--

INSERT INTO `nguoidung` (`nguoidung_id`, `email`, `matkhau`, `hovaten`, `dienthoai`, `gioitinh`, `trangthai`, `nhom_nguoidung_id`, `diachi`) VALUES
(1, 'admin@admin.admin', '000000', 'admin', '0912345678', 1, 1, 1, 'admin'),
(2, '23730213@ms.uit.edu.vn', '000000', 'Phạm Bùi Hải Thanh', '0987789928', 1, 1, 1, 'CiTD UiT'),
(3, 'mod@mod.admin', '000000', 'admin2', '0912345668', 1, 1, 2, 'admin'),
(4, 'khachhang1@ms.uit.edu.vn', '000000', 'khachhang1', '0912345661', 1, 1, 3, 'CiTD UiT'),
(5, 'khachhang2@ms.uit.edu.vn', '000000', 'khachhang2', '0912345662', 1, 1, 3, 'CiTD UiT'),
(6, 'khachhang3@ms.uit.edu.vn', '000000', 'khachhang3', '0912345663', 1, 1, 3, 'CiTD UiT'),
(7, 'blue.phoenix1612@yahoo.com', '000000', 'Phạm Bùi Hải Thanh', '0342232100', 1, 1, 3, '1100 Âu Cơ, quận Tân Bình, TP.HCM');

-- --------------------------------------------------------

--
-- Table structure for table `nhom_nguoidung`
--

CREATE TABLE `nhom_nguoidung` (
  `nhom_nguoidung_id` int(11) NOT NULL,
  `ten_nhom_nguoidung` varchar(255) COLLATE utf8_unicode_ci NOT NULL,
  `trangthai` tinyint(1) NOT NULL
) ENGINE=InnoDB DEFAULT CHARSET=utf8 COLLATE=utf8_unicode_ci;

--
-- Dumping data for table `nhom_nguoidung`
--

INSERT INTO `nhom_nguoidung` (`nhom_nguoidung_id`, `ten_nhom_nguoidung`, `trangthai`) VALUES
(1, 'admin', 1),
(2, 'manager', 1),
(3, 'user', 1);

-- --------------------------------------------------------

--
-- Table structure for table `sanpham`
--

CREATE TABLE `sanpham` (
  `sanpham_id` int(11) NOT NULL,
  `danhmuc_sanpham_id` int(11) NOT NULL,
  `ten_sanpham` varchar(255) NOT NULL,
  `gia` float NOT NULL,
  `chitiet` longtext,
  `hinh` text,
  `trangthai` tinyint(1) NOT NULL DEFAULT '1'
) ENGINE=InnoDB DEFAULT CHARSET=utf8;

--
-- Dumping data for table `sanpham`
--

INSERT INTO `sanpham` (`sanpham_id`, `danhmuc_sanpham_id`, `ten_sanpham`, `gia`, `chitiet`, `hinh`, `trangthai`) VALUES
(47, 19, 'CASIO AE-1200WHD-1AVDF – NAM – KÍNH NHỰA – QUARTZ (PIN) – DÂY KIM LOẠI', 1246000, '<p>M&atilde; Số Sản Phẩm:&nbsp;AE-1200WHD-1AVDF</p>\r\n\r\n<p>1.246.000&nbsp;₫</p>\r\n\r\n<p>Đồng hồ nam Casio AE1200WHD c&oacute; mặt đồng hồ vu&ocirc;ng to với phong c&aacute;ch thể thao, mặt số điện tử với những t&iacute;nh năng hiện đại tiện dụng, kết hợp với d&acirc;y đeo bằng kim loại đem lại vẻ mạnh mẽ c&aacute; t&iacute;nh d&agrave;nh cho ph&aacute;i nam.</p>\r\n\r\n<p><strong>Thương Hiệu:&nbsp;</strong>Casio</p>\r\n\r\n<p><strong>Số Hiệu Sản Phẩm:&nbsp;</strong>AE-1200WHD-1AVDF</p>\r\n\r\n<p><strong>Xuất Xứ:&nbsp;</strong>Nhật Bản</p>\r\n\r\n<p><strong>Giới T&iacute;nh:&nbsp;</strong>Nam</p>\r\n\r\n<p><strong>K&iacute;nh:&nbsp;</strong>Resin Glass (K&iacute;nh Nhựa)</p>\r\n\r\n<p><strong>M&aacute;y:&nbsp;</strong>Quartz (Pin)</p>\r\n\r\n<p><strong>Bảo H&agrave;nh Quốc Tế:&nbsp;</strong>1 Năm</p>\r\n\r\n<p>&nbsp;</p>\r\n\r\n<p><strong>Đường K&iacute;nh Mặt Số:&nbsp;</strong>45 mm x 42.1 mm</p>\r\n\r\n<p><strong>Bề D&agrave;y Mặt Số:&nbsp;</strong>12.5 mm</p>\r\n\r\n<p><strong>Niềng:&nbsp;</strong></p>\r\n\r\n<p><strong>D&acirc;y Đeo:&nbsp;</strong></p>\r\n\r\n<p><strong>M&agrave;u Mặt Số:&nbsp;</strong>Đen</p>\r\n\r\n<p><strong>Chống Nước:&nbsp;</strong>10 ATM</p>\r\n\r\n<p><strong>Chức Năng:&nbsp;</strong>Lịch &ndash; Bộ Bấm Giờ &ndash; Giờ K&eacute;p &ndash; Đ&egrave;n Led &ndash; V&agrave;i Chức Năng Kh&aacute;c</p>\r\n', 'AE1200WHD-1-699x699.jpg', 1),
(48, 19, 'CASIO MTP-V005GL-1BUDF – NAM – QUARTZ (PIN) – DÂY DA', 682000, '<p>M&atilde; Số Sản Phẩm:&nbsp;MTP-V005GL-1BUDF</p>\r\n\r\n<p>682.000&nbsp;₫</p>\r\n\r\n<p>Mẫu Casio MTP-V005GL-1BUDF thiết kế mang đến một vẻ ngo&agrave;i giản dị 3 kim với phi&ecirc;n bản c&aacute;c chi tiết vỏ m&aacute;y cho đến vạch số được bao phủ t&ocirc;ng m&agrave;u v&agrave;ng sang trọng lịch l&atilde;m d&agrave;nh cho ph&aacute;i mạnh với mẫu d&acirc;y da n&acirc;u.</p>\r\n\r\n<table border=\"0\" cellpadding=\"0\" cellspacing=\"0\" style=\"width:auto\">\r\n	<tbody>\r\n		<tr>\r\n			<td>\r\n			<p><strong>Thương Hiệu</strong></p>\r\n			</td>\r\n			<td>\r\n			<p>Casio</p>\r\n			</td>\r\n		</tr>\r\n		<tr>\r\n			<td>\r\n			<p><strong>Số Hiệu Sản Phẩm</strong></p>\r\n			</td>\r\n			<td>MTP-V005GL-1BUDF</td>\r\n		</tr>\r\n		<tr>\r\n			<td>\r\n			<p><strong>Xuất Xứ</strong></p>\r\n			</td>\r\n			<td>\r\n			<p>Nhật Bản</p>\r\n			</td>\r\n		</tr>\r\n		<tr>\r\n			<td>\r\n			<p><strong>Giới T&iacute;nh</strong></p>\r\n			</td>\r\n			<td>\r\n			<p>Nam</p>\r\n			</td>\r\n		</tr>\r\n		<tr>\r\n			<td>\r\n			<p><strong>K&iacute;nh</strong></p>\r\n			</td>\r\n			<td>\r\n			<p>Mineral Crystal (K&iacute;nh Cứng)</p>\r\n			</td>\r\n		</tr>\r\n		<tr>\r\n			<td>\r\n			<p><strong>M&aacute;y</strong></p>\r\n			</td>\r\n			<td>\r\n			<p>Quartz (Pin)</p>\r\n			</td>\r\n		</tr>\r\n		<tr>\r\n			<td>\r\n			<p><strong>Bảo H&agrave;nh Quốc Tế</strong></p>\r\n			</td>\r\n			<td>\r\n			<p>1 Năm</p>\r\n			</td>\r\n		</tr>\r\n		<tr>\r\n			<td>\r\n			<p><strong>Đường K&iacute;nh Mặt Số</strong></p>\r\n			</td>\r\n			<td>\r\n			<p>40 mm</p>\r\n			</td>\r\n		</tr>\r\n		<tr>\r\n			<td>\r\n			<p><strong>Bề D&agrave;y Mặt Số</strong></p>\r\n			</td>\r\n			<td>\r\n			<p>8.1 mm</p>\r\n			</td>\r\n		</tr>\r\n		<tr>\r\n			<td>\r\n			<p><strong>D&acirc;y Đeo</strong></p>\r\n			</td>\r\n			<td>\r\n			<p>D&acirc;y Da Ch&iacute;nh H&atilde;ng</p>\r\n			</td>\r\n		</tr>\r\n		<tr>\r\n			<td>\r\n			<p><strong>M&agrave;u Mặt Số</strong></p>\r\n			</td>\r\n			<td>\r\n			<p>Đen</p>\r\n			</td>\r\n		</tr>\r\n		<tr>\r\n			<td>\r\n			<p><strong>Chống Nước</strong></p>\r\n			</td>\r\n			<td>\r\n			<p>3 ATM</p>\r\n			</td>\r\n		</tr>\r\n	</tbody>\r\n</table>\r\n\r\n<p>&nbsp;</p>\r\n', '35_MTP-1303L-1AVDF-399x399.jpg', 1),
(52, 19, 'CASIO EFB-510JDB-7AVDR – NAM – KÍNH SAPPHIRE – QUARTZ (PIN) – DÂY KIM LOẠI', 9471000, '<p>Mẫu Casio EFB-510JDB-7AVDR thuộc d&ograve;ng Edifice với đặc trưng kiểu d&aacute;ng 6 kim k&egrave;m theo t&iacute;nh năng Chronograph mang lại vẻ ngo&agrave;i đầy nam t&iacute;nh, ấn tượng c&ugrave;ng khả năng chịu nước l&ecirc;n đến 10 ATM.</p>\r\n\r\n<table border=\"0\" cellpadding=\"0\" cellspacing=\"0\" style=\"width:300px\">\r\n	<tbody>\r\n		<tr>\r\n			<td>\r\n			<p><strong>Thương Hiệu</strong></p>\r\n			</td>\r\n			<td>\r\n			<p>Casio</p>\r\n			</td>\r\n		</tr>\r\n		<tr>\r\n			<td>\r\n			<p><strong>Số Hiệu Sản Phẩm</strong></p>\r\n			</td>\r\n			<td>EFB-510JDB-7AVDR</td>\r\n		</tr>\r\n		<tr>\r\n			<td>\r\n			<p><strong>Xuất Xứ</strong></p>\r\n			</td>\r\n			<td>\r\n			<p>Nhật Bản</p>\r\n			</td>\r\n		</tr>\r\n		<tr>\r\n			<td>\r\n			<p><strong>Giới T&iacute;nh</strong></p>\r\n			</td>\r\n			<td>\r\n			<p>Nam</p>\r\n			</td>\r\n		</tr>\r\n		<tr>\r\n			<td>\r\n			<p><strong>K&iacute;nh</strong></p>\r\n			</td>\r\n			<td>\r\n			<p>Sapphire (K&iacute;nh Chống Trầy)</p>\r\n			</td>\r\n		</tr>\r\n		<tr>\r\n			<td>\r\n			<p><strong>M&aacute;y</strong></p>\r\n			</td>\r\n			<td>\r\n			<p>Quartz (Pin)</p>\r\n			</td>\r\n		</tr>\r\n		<tr>\r\n			<td>\r\n			<p><strong>Bảo H&agrave;nh Quốc Tế</strong></p>\r\n			</td>\r\n			<td>\r\n			<p>1 Năm</p>\r\n			</td>\r\n		</tr>\r\n		<tr>\r\n			<td>\r\n			<p><strong>Đường K&iacute;nh Mặt Số</strong></p>\r\n			</td>\r\n			<td>\r\n			<p>44.3 mm</p>\r\n			</td>\r\n		</tr>\r\n		<tr>\r\n			<td>\r\n			<p><strong>Bề D&agrave;y Mặt Số</strong></p>\r\n			</td>\r\n			<td>\r\n			<p>11.4 mm</p>\r\n			</td>\r\n		</tr>\r\n		<tr>\r\n			<td>\r\n			<p><strong>Niềng</strong></p>\r\n			</td>\r\n			<td>\r\n			<p>&nbsp;</p>\r\n			</td>\r\n		</tr>\r\n		<tr>\r\n			<td>\r\n			<p><strong>D&acirc;y Đeo</strong></p>\r\n			</td>\r\n			<td>&nbsp;</td>\r\n		</tr>\r\n		<tr>\r\n			<td>\r\n			<p><strong>M&agrave;u Mặt Số</strong></p>\r\n			</td>\r\n			<td>\r\n			<p>Trắng</p>\r\n			</td>\r\n		</tr>\r\n		<tr>\r\n			<td>\r\n			<p><strong>Chống Nước</strong></p>\r\n			</td>\r\n			<td>\r\n			<p>10 ATM</p>\r\n			</td>\r\n		</tr>\r\n		<tr>\r\n			<td>\r\n			<p><strong>Chức Năng</strong></p>\r\n			</td>\r\n			<td>\r\n			<p>Lịch Ng&agrave;y &ndash; Chronograph</p>\r\n			</td>\r\n		</tr>\r\n	</tbody>\r\n</table>\r\n\r\n<p>&nbsp;</p>\r\n\r\n<p>&nbsp;</p>\r\n', 'EFB-510JDB-7AVDR-699x699.jpg', 1),
(53, 19, 'CASIO EFR-526D-1AVUDF – NAM – QUARTZ (PIN) – DÂY KIM LOẠI', 336100, '<p>Đồng hồ Casio EFR-526D-1AVUDF với mặt đồng hồ lớn phong c&aacute;ch thể thao mạnh mẽ, d&acirc;y đeo kim loại nam t&iacute;nh, nền đen mặt số c&ugrave;ng kim chỉ v&agrave; vạch chỉ giờ được phủ phản quang nổi bật.</p>\r\n\r\n<table border=\"0\" cellpadding=\"0\" cellspacing=\"0\" style=\"width:300px\">\r\n	<tbody>\r\n		<tr>\r\n			<td>\r\n			<p><strong>Thương Hiệu</strong></p>\r\n			</td>\r\n			\r\n			<td>\r\n			<p>Casio</p>\r\n			</td>\r\n		</tr>\r\n		<tr>\r\n			<td>\r\n			<p><strong>Số Hiệu Sản Phẩm</strong></p>\r\n			</td>\r\n			\r\n			<td>\r\n			<p>EFR-526D-1AVUDF</p>\r\n			</td>\r\n		</tr>\r\n		<tr>\r\n			<td>\r\n			<p><strong>Xuất Xứ</strong></p>\r\n			</td>\r\n			\r\n			<td>\r\n			<p>Nhật Bản</p>\r\n			</td>\r\n		</tr>\r\n		<tr>\r\n			<td>\r\n			<p><strong>Giới T&iacute;nh</strong></p>\r\n			</td>\r\n			\r\n			<td>\r\n			<p>Nam</p>\r\n			</td>\r\n		</tr>\r\n		<tr>\r\n			<td>\r\n			<p><strong>K&iacute;nh</strong></p>\r\n			</td>\r\n			\r\n			<td>\r\n			<p>Mineral Crystal (K&iacute;nh Cứng)</p>\r\n			</td>\r\n		</tr>\r\n		<tr>\r\n			<td>\r\n			<p><strong>M&aacute;y</strong></p>\r\n			</td>\r\n			\r\n			<td>\r\n			<p>Quartz (Pin)</p>\r\n			</td>\r\n		</tr>\r\n		<tr>\r\n			<td>\r\n			<p><strong>Bảo H&agrave;nh Quốc Tế</strong></p>\r\n			</td>\r\n			\r\n			<td>\r\n			<p>1 Năm</p>\r\n			</td>\r\n		</tr>\r\n		<tr>\r\n			<td>\r\n			<p><strong>Đường K&iacute;nh Mặt Số</strong></p>\r\n			</td>\r\n			\r\n			<td>\r\n			<p>48.5mm&ensp;&times;&ensp;43.8mm</p>\r\n			</td>\r\n		</tr>\r\n		<tr>\r\n			<td>\r\n			<p><strong>Bề D&agrave;y Mặt Số</strong></p>\r\n			</td>\r\n			\r\n			<td>\r\n			<p>11.6 mm</p>\r\n			</td>\r\n		</tr>\r\n		<tr>\r\n			<td>\r\n			<p><strong>Niềng</strong></p>\r\n			</td>\r\n			\r\n			<td>\r\n			<p>&nbsp;</p>\r\n			</td>\r\n		</tr>\r\n		<tr>\r\n			<td>\r\n			<p><strong>D&acirc;y Đeo</strong></p>\r\n			</td>\r\n			\r\n			<td>\r\n			<p>&nbsp;</p>\r\n			</td>\r\n		</tr>\r\n		<tr>\r\n			<td>\r\n			<p><strong>M&agrave;u Mặt Số</strong></p>\r\n			</td>\r\n			\r\n			<td>\r\n			<p>Đen</p>\r\n			</td>\r\n		</tr>\r\n		<tr>\r\n			<td>\r\n			<p><strong>Chống Nước</strong></p>\r\n			</td>\r\n			\r\n			<td>\r\n			<p>10 ATM</p>\r\n			</td>\r\n		</tr>\r\n		<tr>\r\n			<td>\r\n			<p><strong>Chức Năng</strong></p>\r\n			</td>\r\n			\r\n			<td>\r\n			<p>Lịch Ng&agrave;y &ndash; Chronograph</p>\r\n			</td>\r\n		</tr>\r\n	</tbody>\r\n</table>\r\n', '226_EFR-526D-1AVUDF-699x699.jpg', 1),
(54, 19, 'CASIO EFV-550L-1AVUDF – NAM – QUARTZ (PIN) – DÂY DA', 2562000, '<p>Mẫu Casio EFV-550L-1AVUDF mang đến cho ph&aacute;i mạnh vẻ ngo&agrave;i lịch l&atilde;m nhưng cũng kh&ocirc;ng k&eacute;m phần trẻ trung đặc trưng thuộc d&ograve;ng Edifice với kiểu d&aacute;ng đồng hồ 6 kim đi k&egrave;m t&iacute;nh năng đo thời gian Chronograph.</p>\r\n\r\n<table border=\"0\" cellpadding=\"0\" cellspacing=\"0\" style=\"width:300px\">\r\n	<tbody>\r\n		<tr>\r\n			<td>\r\n			<p><strong>Thương Hiệu</strong></p>\r\n			</td>\r\n			\r\n			<td>\r\n			<p>Casio</p>\r\n			</td>\r\n		</tr>\r\n		<tr>\r\n			<td>\r\n			<p><strong>Số Hiệu Sản Phẩm</strong></p>\r\n			</td>\r\n			\r\n			<td>EFV-550L-1AVUDF</td>\r\n		</tr>\r\n		<tr>\r\n			<td>\r\n			<p><strong>Xuất Xứ</strong></p>\r\n			</td>\r\n			\r\n			<td>\r\n			<p>Nhật Bản</p>\r\n			</td>\r\n		</tr>\r\n		<tr>\r\n			<td>\r\n			<p><strong>Giới T&iacute;nh</strong></p>\r\n			</td>\r\n			\r\n			<td>\r\n			<p>Nam</p>\r\n			</td>\r\n		</tr>\r\n		<tr>\r\n			<td>\r\n			<p><strong>K&iacute;nh</strong></p>\r\n			</td>\r\n			\r\n			<td>\r\n			<p>Mineral Crystal (K&iacute;nh Cứng)</p>\r\n			</td>\r\n		</tr>\r\n		<tr>\r\n			<td>\r\n			<p><strong>M&aacute;y</strong></p>\r\n			</td>\r\n			\r\n			<td>\r\n			<p>Quartz (Pin)</p>\r\n			</td>\r\n		</tr>\r\n		<tr>\r\n			<td>\r\n			<p><strong>Bảo H&agrave;nh Quốc Tế</strong></p>\r\n			</td>\r\n			\r\n			<td>\r\n			<p>1 Năm</p>\r\n			</td>\r\n		</tr>\r\n		<tr>\r\n			<td>\r\n			<p><strong>Đường K&iacute;nh Mặt Số</strong></p>\r\n			</td>\r\n			\r\n			<td>\r\n			<p>47 mm</p>\r\n			</td>\r\n		</tr>\r\n		<tr>\r\n			<td>\r\n			<p><strong>Bề D&agrave;y Mặt Số</strong></p>\r\n			</td>\r\n			\r\n			<td>\r\n			<p>12.1 mm</p>\r\n			</td>\r\n		</tr>\r\n		<tr>\r\n			<td>\r\n			<p><strong>Niềng</strong></p>\r\n			</td>\r\n			\r\n			<td>\r\n			<p>&nbsp;</p>\r\n			</td>\r\n		</tr>\r\n		<tr>\r\n			<td>\r\n			<p><strong>D&acirc;y Đeo</strong></p>\r\n			</td>\r\n			\r\n			<td>\r\n			<p>D&acirc;y Da Ch&iacute;nh H&atilde;ng</p>\r\n			</td>\r\n		</tr>\r\n		<tr>\r\n			<td>\r\n			<p><strong>M&agrave;u Mặt Số</strong></p>\r\n			</td>\r\n			\r\n			<td>\r\n			<p>Đen</p>\r\n			</td>\r\n		</tr>\r\n		<tr>\r\n			<td>\r\n			<p><strong>Chống Nước</strong></p>\r\n			</td>\r\n			\r\n			<td>\r\n			<p>10 ATM</p>\r\n			</td>\r\n		</tr>\r\n		<tr>\r\n			<td>\r\n			<p><strong>Chức Năng</strong></p>\r\n			</td>\r\n			\r\n			<td>\r\n			<p>Lịch Ng&agrave;y &ndash; Chronograph</p>\r\n			</td>\r\n		</tr>\r\n	</tbody>\r\n</table>\r\n', '68_EFV-550L-1AVUDF-1-699x699.jpg', 1),
(55, 19, 'CASIO EFV-580D-1AVUDF – NAM – QUARTZ (PIN) – DÂY KIM LOẠI', 3361000, '<p>Mẫu Casio EFV-580D-1AVUDF d&agrave;nh cho c&aacute;c t&iacute;n đồ y&ecirc;u th&iacute;ch phong c&aacute;ch thể thao nhưng lại kho&aacute;c tr&ecirc;n m&igrave;nh vẻ ngo&agrave;i lịch l&atilde;m nổi bật với kiểu d&aacute;ng 6 kim k&egrave;m t&iacute;nh năng Chronograph đo thời gian vượt trội đặc trưng thuộc d&ograve;ng Edifice.</p>\r\n\r\n<table border=\"0\" cellpadding=\"0\" cellspacing=\"0\" style=\"width:300px\">\r\n	<tbody>\r\n		<tr>\r\n			<td>\r\n			<p><strong>Thương Hiệu</strong></p>\r\n			</td>\r\n			\r\n			<td>\r\n			<p>Casio</p>\r\n			</td>\r\n		</tr>\r\n		<tr>\r\n			<td>\r\n			<p><strong>Số Hiệu Sản Phẩm</strong></p>\r\n			</td>\r\n			\r\n			<td>EFV-580D-1AVUDF</td>\r\n		</tr>\r\n		<tr>\r\n			<td>\r\n			<p><strong>Xuất Xứ</strong></p>\r\n			</td>\r\n			\r\n			<td>\r\n			<p>Nhật Bản</p>\r\n			</td>\r\n		</tr>\r\n		<tr>\r\n			<td>\r\n			<p><strong>Giới T&iacute;nh</strong></p>\r\n			</td>\r\n			\r\n			<td>\r\n			<p>Nam</p>\r\n			</td>\r\n		</tr>\r\n		<tr>\r\n			<td>\r\n			<p><strong>K&iacute;nh</strong></p>\r\n			</td>\r\n			\r\n			<td>\r\n			<p>Mineral Crystal (K&iacute;nh Cứng)</p>\r\n			</td>\r\n		</tr>\r\n		<tr>\r\n			<td>\r\n			<p><strong>M&aacute;y</strong></p>\r\n			</td>\r\n			\r\n			<td>\r\n			<p>Quartz (Pin)</p>\r\n			</td>\r\n		</tr>\r\n		<tr>\r\n			<td>\r\n			<p><strong>Bảo H&agrave;nh Quốc Tế</strong></p>\r\n			</td>\r\n			\r\n			<td>\r\n			<p>1 Năm</p>\r\n			</td>\r\n		</tr>\r\n		<tr>\r\n			<td>\r\n			<p><strong>Đường K&iacute;nh Mặt Số</strong></p>\r\n			</td>\r\n			\r\n			<td>\r\n			<p>43.8 mm</p>\r\n			</td>\r\n		</tr>\r\n		<tr>\r\n			<td>\r\n			<p><strong>Bề D&agrave;y Mặt Số</strong></p>\r\n			</td>\r\n			\r\n			<td>\r\n			<p>12.4 mm</p>\r\n			</td>\r\n		</tr>\r\n		<tr>\r\n			<td>\r\n			<p><strong>Niềng</strong></p>\r\n			</td>\r\n			\r\n			<td>\r\n			<p>&nbsp;</p>\r\n			</td>\r\n		</tr>\r\n		<tr>\r\n			<td>\r\n			<p><strong>D&acirc;y Đeo</strong></p>\r\n			</td>\r\n			\r\n			\r\n		</tr>\r\n		<tr>\r\n			<td>\r\n			<p><strong>M&agrave;u Mặt Số</strong></p>\r\n			</td>\r\n			\r\n			<td>\r\n			<p>Đen</p>\r\n			</td>\r\n		</tr>\r\n		<tr>\r\n			<td>\r\n			<p><strong>Chống Nước</strong></p>\r\n			</td>\r\n			\r\n			<td>\r\n			<p>10 ATM</p>\r\n			</td>\r\n		</tr>\r\n		<tr>\r\n			<td>\r\n			<p><strong>Chức Năng</strong></p>\r\n			</td>\r\n			\r\n			<td>\r\n			<p>Lịch Ng&agrave;y &ndash; Chronograph</p>\r\n			</td>\r\n		</tr>\r\n	</tbody>\r\n</table>\r\n\r\n<p>&nbsp;</p>\r\n', '1_EFV-580D-1AVUDF-699x699.jpg', 1),
(56, 19, 'CASIO EFV-580D-7AVUDF – NAM – QUARTZ (PIN) – DÂY KIM LOẠI', 3361000, '<p>Mẫu Casio EFV-580D-7AVUDF đặc trưng thuộc d&ograve;ng Edifice&nbsp;nổi bật với kiểu d&aacute;ng 6 kim c&ugrave;ng t&iacute;nh năng Chronograph đo thời gian, d&agrave;nh cho c&aacute;c t&iacute;n đồ y&ecirc;u th&iacute;ch vẻ mạnh mẽ nhưng lại kho&aacute;c tr&ecirc;n m&igrave;nh vẻ ngo&agrave;i sang trọng.</p>\r\n\r\n<table border=\"0\" cellpadding=\"0\" cellspacing=\"0\" style=\"width:300px\">\r\n	<tbody>\r\n		<tr>\r\n			<td>\r\n			<p><strong>Thương Hiệu</strong></p>\r\n			</td>\r\n			\r\n			<td>\r\n			<p>Casio</p>\r\n			</td>\r\n		</tr>\r\n		<tr>\r\n			<td>\r\n			<p><strong>Số Hiệu Sản Phẩm</strong></p>\r\n			</td>\r\n			\r\n			<td>EFV-580D-7AVUDF</td>\r\n		</tr>\r\n		<tr>\r\n			<td>\r\n			<p><strong>Xuất Xứ</strong></p>\r\n			</td>\r\n			\r\n			<td>\r\n			<p>Nhật Bản</p>\r\n			</td>\r\n		</tr>\r\n		<tr>\r\n			<td>\r\n			<p><strong>Giới T&iacute;nh</strong></p>\r\n			</td>\r\n			\r\n			<td>\r\n			<p>Nam</p>\r\n			</td>\r\n		</tr>\r\n		<tr>\r\n			<td>\r\n			<p><strong>K&iacute;nh</strong></p>\r\n			</td>\r\n			\r\n			<td>\r\n			<p>Mineral Crystal (K&iacute;nh Cứng)</p>\r\n			</td>\r\n		</tr>\r\n		<tr>\r\n			<td>\r\n			<p><strong>M&aacute;y</strong></p>\r\n			</td>\r\n			\r\n			<td>\r\n			<p>Quartz (Pin)</p>\r\n			</td>\r\n		</tr>\r\n		<tr>\r\n			<td>\r\n			<p><strong>Bảo H&agrave;nh Quốc Tế</strong></p>\r\n			</td>\r\n			\r\n			<td>\r\n			<p>1 Năm</p>\r\n			</td>\r\n		</tr>\r\n		<tr>\r\n			<td>\r\n			<p><strong>Đường K&iacute;nh Mặt Số</strong></p>\r\n			</td>\r\n			\r\n			<td>\r\n			<p>43.8 mm</p>\r\n			</td>\r\n		</tr>\r\n		<tr>\r\n			<td>\r\n			<p><strong>Bề D&agrave;y Mặt Số</strong></p>\r\n			</td>\r\n			\r\n			<td>\r\n			<p>12.4 mm</p>\r\n			</td>\r\n		</tr>\r\n		<tr>\r\n			<td>\r\n			<p><strong>Niềng</strong></p>\r\n			</td>\r\n			\r\n			<td>\r\n			<p>&nbsp;</p>\r\n			</td>\r\n		</tr>\r\n		<tr>\r\n			<td>\r\n			<p><strong>D&acirc;y Đeo</strong></p>\r\n			</td>\r\n			\r\n			\r\n		</tr>\r\n		<tr>\r\n			<td>\r\n			<p><strong>M&agrave;u Mặt Số</strong></p>\r\n			</td>\r\n			\r\n			<td>\r\n			<p>Trắng</p>\r\n			</td>\r\n		</tr>\r\n		<tr>\r\n			<td>\r\n			<p><strong>Chống Nước</strong></p>\r\n			</td>\r\n			\r\n			<td>\r\n			<p>10 ATM</p>\r\n			</td>\r\n		</tr>\r\n		<tr>\r\n			<td>\r\n			<p><strong>Chức Năng</strong></p>\r\n			</td>\r\n			\r\n			<td>\r\n			<p>Lịch Ng&agrave;y &ndash; Chronograph</p>\r\n			</td>\r\n		</tr>\r\n	</tbody>\r\n</table>\r\n', 'CASIO-EFV-580D-7AVUDF-00002-699x699.jpg', 1),
(58, 19, 'CASIO LTP-1302D-7A1VDF – NỮ – QUARTZ (PIN) – DÂY KIM LOẠI', 1222000, '<p>Đồng hồ Casio LTP-1302D-7A1VDF thời trang d&agrave;nh cho nữ giới, mặt đồng hồ nhỏ nền đen c&ugrave;ng với c&aacute;c chi tiết mạ v&agrave;ng sang trọng v&agrave; c&ograve;n c&oacute; 1 lịch ng&agrave;y.</p>\r\n\r\n<table border=\"0\" cellpadding=\"0\" cellspacing=\"0\" style=\"width:300px\">\r\n	<tbody>\r\n		<tr>\r\n			<td>\r\n			<p><strong>Thương Hiệu</strong></p>\r\n			</td>\r\n			\r\n			<td>\r\n			<p>Casio</p>\r\n			</td>\r\n		</tr>\r\n		<tr>\r\n			<td>\r\n			<p><strong>Số Hiệu Sản Phẩm</strong></p>\r\n			</td>\r\n			\r\n			<td>LTP-1302D-7A1VDF</td>\r\n		</tr>\r\n		<tr>\r\n			<td>\r\n			<p><strong>Xuất Xứ</strong></p>\r\n			</td>\r\n			\r\n			<td>\r\n			<p>Nhật Bản</p>\r\n			</td>\r\n		</tr>\r\n		<tr>\r\n			<td>\r\n			<p><strong>Giới T&iacute;nh</strong></p>\r\n			</td>\r\n			\r\n			<td>\r\n			<p>Nữ</p>\r\n			</td>\r\n		</tr>\r\n		<tr>\r\n			<td>\r\n			<p><strong>K&iacute;nh</strong></p>\r\n			</td>\r\n			\r\n			<td>\r\n			<p>Mineral Crystal (K&iacute;nh Cứng)</p>\r\n			</td>\r\n		</tr>\r\n		<tr>\r\n			<td>\r\n			<p><strong>M&aacute;y</strong></p>\r\n			</td>\r\n			\r\n			<td>\r\n			<p>Quartz (Pin)</p>\r\n			</td>\r\n		</tr>\r\n		<tr>\r\n			<td>\r\n			<p><strong>Bảo H&agrave;nh Quốc Tế</strong></p>\r\n			</td>\r\n			\r\n			<td>\r\n			<p>1 Năm</p>\r\n			</td>\r\n		</tr>\r\n		<tr>\r\n			<td>\r\n			<p><strong>Đường K&iacute;nh Mặt Số</strong></p>\r\n			</td>\r\n			\r\n			<td>\r\n			<p>30mm</p>\r\n			</td>\r\n		</tr>\r\n		<tr>\r\n			<td>\r\n			<p><strong>Bề D&agrave;y Mặt Số</strong></p>\r\n			</td>\r\n			\r\n			<td>\r\n			<p>8mm</p>\r\n			</td>\r\n		</tr>\r\n		<tr>\r\n			<td>\r\n			<p><strong>Niềng</strong></p>\r\n			</td>\r\n			\r\n			<td>\r\n			<p>&nbsp;</p>\r\n			</td>\r\n		</tr>\r\n		<tr>\r\n			<td>\r\n			<p><strong>D&acirc;y Đeo</strong></p>\r\n			</td>\r\n			\r\n			\r\n		</tr>\r\n		<tr>\r\n			<td>\r\n			<p><strong>M&agrave;u Mặt Số</strong></p>\r\n			</td>\r\n			\r\n			<td>Trắng</td>\r\n		</tr>\r\n		<tr>\r\n			<td>\r\n			<p><strong>Chống Nước</strong></p>\r\n			</td>\r\n			\r\n			<td>\r\n			<p>5 ATM</p>\r\n			</td>\r\n		</tr>\r\n		<tr>\r\n			<td>\r\n			<p><strong>Chức Năng</strong></p>\r\n			</td>\r\n			\r\n			<td>\r\n			<p>Lịch Ng&agrave;y</p>\r\n			</td>\r\n		</tr>\r\n	</tbody>\r\n</table>\r\n', 'CASIO-MTP-1302D-7A1VDF-_-LTP-1302D-7A1VDF-3-699x699.jpg', 1),
(59, 19, 'CASIO LTP-V005L-7B3UDF – NỮ – QUARTZ (PIN) – DÂY DA', 658000, '<p>Mẫu Casio LTP-V005L-7B3UDF phong c&aacute;ch trẻ trung giản dị 3 kim với phi&ecirc;n bản d&acirc;y da n&acirc;u bản nhỏ c&oacute; v&acirc;n mang lại vẻ thanh lịch, m&aacute;y pin phần vỏ kim loại mạ bạc kiểu d&aacute;ng mỏng chỉ d&agrave;y 7mm.</p>\r\n\r\n<table border=\"0\" cellpadding=\"0\" cellspacing=\"0\" style=\"width:300px\">\r\n	<tbody>\r\n		<tr>\r\n			<td>\r\n			<p><strong>Thương Hiệu</strong></p>\r\n			</td>\r\n			\r\n			<td>\r\n			<p>Casio</p>\r\n			</td>\r\n		</tr>\r\n		<tr>\r\n			<td>\r\n			<p><strong>Số Hiệu Sản Phẩm</strong></p>\r\n			</td>\r\n			\r\n			<td>LTP-V005L-7B3UDF</td>\r\n		</tr>\r\n		<tr>\r\n			<td>\r\n			<p><strong>Xuất Xứ</strong></p>\r\n			</td>\r\n			\r\n			<td>\r\n			<p>Nhật Bản</p>\r\n			</td>\r\n		</tr>\r\n		<tr>\r\n			<td>\r\n			<p><strong>Giới T&iacute;nh</strong></p>\r\n			</td>\r\n			\r\n			<td>\r\n			<p>Nữ</p>\r\n			</td>\r\n		</tr>\r\n		<tr>\r\n			<td>\r\n			<p><strong>K&iacute;nh</strong></p>\r\n			</td>\r\n			\r\n			<td>\r\n			<p>Mineral Crystal (K&iacute;nh Cứng)</p>\r\n			</td>\r\n		</tr>\r\n		<tr>\r\n			<td>\r\n			<p><strong>M&aacute;y</strong></p>\r\n			</td>\r\n			\r\n			<td>\r\n			<p>Quartz (Pin)</p>\r\n			</td>\r\n		</tr>\r\n		<tr>\r\n			<td>\r\n			<p><strong>Bảo H&agrave;nh Quốc Tế</strong></p>\r\n			</td>\r\n			\r\n			<td>\r\n			<p>1 Năm</p>\r\n			</td>\r\n		</tr>\r\n		<tr>\r\n			<td>\r\n			<p><strong>Đường K&iacute;nh Mặt Số</strong></p>\r\n			</td>\r\n			\r\n			<td>\r\n			<p>28.2 mm</p>\r\n			</td>\r\n		</tr>\r\n		<tr>\r\n			<td>\r\n			<p><strong>Bề D&agrave;y Mặt Số</strong></p>\r\n			</td>\r\n			\r\n			<td>\r\n			<p>7.5 mm</p>\r\n			</td>\r\n		</tr>\r\n		<tr>\r\n			<td>\r\n			<p><strong>Niềng</strong></p>\r\n			</td>\r\n			\r\n			<td>\r\n			<p>&nbsp;</p>\r\n			</td>\r\n		</tr>\r\n		<tr>\r\n			<td>\r\n			<p><strong>D&acirc;y Đeo</strong></p>\r\n			</td>\r\n			\r\n			<td>\r\n			<p>D&acirc;y Da Ch&iacute;nh H&atilde;ng</p>\r\n			</td>\r\n		</tr>\r\n		<tr>\r\n			<td>\r\n			<p><strong>M&agrave;u Mặt Số</strong></p>\r\n			</td>\r\n			\r\n			<td>\r\n			<p>Trắng</p>\r\n			</td>\r\n		</tr>\r\n		<tr>\r\n			<td>\r\n			<p><strong>Chống Nước</strong></p>\r\n			</td>\r\n			\r\n			<td>\r\n			<p>3 ATM</p>\r\n			</td>\r\n		</tr>\r\n	</tbody>\r\n</table>\r\n', 'LTP-V005L-7B3UDF.jpg', 1),
(60, 27, 'CALVIN KLEIN K2G211C1 – NAM – QUARTZ (PIN) – DÂY DA', 5560000, '<p>Đồng hồ Calvin Klein K2G211C1 với nền đen mặt số, kim chỉ v&agrave; gạch số mỏng nổi bật, d&acirc;y đeo da đen mạnh mẽ, l&agrave; phụ kiện thời trang mạnh mẽ, nam t&iacute;nh, trẻ trung cho ph&aacute;i mạnh.</p>\r\n\r\n<table border=\"0\" cellpadding=\"0\" cellspacing=\"0\" style=\"width:300px\">\r\n	<tbody>\r\n		<tr>\r\n			<td>\r\n			<p><strong>Thương Hiệu</strong></p>\r\n			</td>\r\n			<td>\r\n			<p>Calvin Klein</p>\r\n			</td>\r\n		</tr>\r\n		<tr>\r\n			<td>\r\n			<p><strong>Số Hiệu Sản Phẩm</strong></p>\r\n			</td>\r\n			<td>\r\n			<p>K2G211C1</p>\r\n			</td>\r\n		</tr>\r\n		<tr>\r\n			<td>\r\n			<p><strong>Xuất Xứ</strong></p>\r\n			</td>\r\n			<td>\r\n			<p>Thụy Sỹ</p>\r\n			</td>\r\n		</tr>\r\n		<tr>\r\n			<td>\r\n			<p><strong>Giới T&iacute;nh</strong></p>\r\n			</td>\r\n			<td>\r\n			<p>Nam</p>\r\n			</td>\r\n		</tr>\r\n		<tr>\r\n			<td>\r\n			<p><strong>K&iacute;nh</strong></p>\r\n			</td>\r\n			<td>\r\n			<p>Mineral Crystal (K&iacute;nh Cứng)</p>\r\n			</td>\r\n		</tr>\r\n		<tr>\r\n			<td>\r\n			<p><strong>M&aacute;y</strong></p>\r\n			</td>\r\n			<td>\r\n			<p>Quartz (Pin)</p>\r\n			</td>\r\n		</tr>\r\n		<tr>\r\n			<td>\r\n			<p><strong>Bảo H&agrave;nh Quốc Tế</strong></p>\r\n			</td>\r\n			<td>\r\n			<p>2 Năm</p>\r\n			</td>\r\n		</tr>\r\n		<tr>\r\n			<td>\r\n			<p><strong>Đường K&iacute;nh Mặt Số</strong></p>\r\n			</td>\r\n			<td>\r\n			<p>43 mm</p>\r\n			</td>\r\n		</tr>\r\n		<tr>\r\n			<td>\r\n			<p><strong>Bề D&agrave;y Mặt Số</strong></p>\r\n			</td>\r\n			<td>8 mm</td>\r\n		</tr>\r\n		<tr>\r\n			<td>\r\n			<p><strong>Niềng</strong></p>\r\n			</td>\r\n			<td>\r\n			<p>Th&eacute;p Kh&ocirc;ng Gỉ</p>\r\n			</td>\r\n		</tr>\r\n		<tr>\r\n			<td>\r\n			<p><strong>D&acirc;y Đeo</strong></p>\r\n			</td>\r\n			<td>\r\n			<p>D&acirc;y Da Ch&iacute;nh H&atilde;ng</p>\r\n			</td>\r\n		</tr>\r\n		<tr>\r\n			<td>\r\n			<p><strong>M&agrave;u Mặt Số</strong></p>\r\n			</td>\r\n			<td>\r\n			<p>Đen</p>\r\n			</td>\r\n		</tr>\r\n		<tr>\r\n			<td>\r\n			<p><strong>Chống Nước</strong></p>\r\n			</td>\r\n			<td>\r\n			<p>3 ATM</p>\r\n			</td>\r\n		</tr>\r\n	</tbody>\r\n</table>\r\n', '16_K2G211C1-699x699.jpg', 1),
(61, 27, 'CALVIN KLEIN K3M11TFK – NAM – QUARTZ (PIN) – DÂY KIM LOẠI', 7220000, '<p>Mẫu đồng hồ nam K3M11TFK phong c&aacute;ch đặc trưng giản dị đến từ thương hiệu Calvin Klein th&acirc;n thuộc, mang đến vẻ ngo&agrave;i trẻ trung với tổng thể t&ocirc;ng m&agrave;u n&acirc;u nhạt kết hợp c&ugrave;ng mẫu d&acirc;y đeo dạng lưới phong c&aacute;ch thời trang.</p>\r\n\r\n<table border=\"0\" cellpadding=\"0\" cellspacing=\"0\" style=\"width:300px\">\r\n	<tbody>\r\n		<tr>\r\n			<td>\r\n			<p><strong>Thương Hiệu</strong></p>\r\n			</td>\r\n			\r\n			<td>\r\n			<p>Calvin Klein</p>\r\n			</td>\r\n		</tr>\r\n		<tr>\r\n			<td>\r\n			<p><strong>Số Hiệu Sản Phẩm</strong></p>\r\n			</td>\r\n			\r\n			<td>K3M11TFK</td>\r\n		</tr>\r\n		<tr>\r\n			<td>\r\n			<p><strong>Xuất Xứ</strong></p>\r\n			</td>\r\n			\r\n			<td>\r\n			<p>Thụy Sỹ</p>\r\n			</td>\r\n		</tr>\r\n		<tr>\r\n			<td>\r\n			<p><strong>Giới T&iacute;nh</strong></p>\r\n			</td>\r\n			\r\n			<td>\r\n			<p>Nam</p>\r\n			</td>\r\n		</tr>\r\n		<tr>\r\n			<td>\r\n			<p><strong>K&iacute;nh</strong></p>\r\n			</td>\r\n			\r\n			<td>\r\n			<p>Mineral Crystal (K&iacute;nh Cứng)</p>\r\n			</td>\r\n		</tr>\r\n		<tr>\r\n			<td>\r\n			<p><strong>M&aacute;y</strong></p>\r\n			</td>\r\n			\r\n			<td>\r\n			<p>Quartz (Pin)</p>\r\n			</td>\r\n		</tr>\r\n		<tr>\r\n			<td>\r\n			<p><strong>Bảo H&agrave;nh Quốc Tế</strong></p>\r\n			</td>\r\n			\r\n			<td>\r\n			<p>2 Năm</p>\r\n			</td>\r\n		</tr>\r\n		<tr>\r\n			<td>\r\n			<p><strong>Đường K&iacute;nh Mặt Số</strong></p>\r\n			</td>\r\n			\r\n			<td>\r\n			<p>40 mm</p>\r\n			</td>\r\n		</tr>\r\n		<tr>\r\n			<td>\r\n			<p><strong>Bề D&agrave;y Mặt Số</strong></p>\r\n			</td>\r\n			\r\n			<td>\r\n			<p>7 mm</p>\r\n			</td>\r\n		</tr>\r\n		<tr>\r\n			<td>\r\n			<p><strong>Niềng</strong></p>\r\n			</td>\r\n			\r\n			<td>\r\n			<p>Th&eacute;p Kh&ocirc;ng Gỉ</p>\r\n			</td>\r\n		</tr>\r\n		<tr>\r\n			<td>\r\n			<p><strong>D&acirc;y Đeo</strong></p>\r\n			</td>\r\n			\r\n			<td>\r\n			<p>Th&eacute;p Kh&ocirc;ng Gỉ</p>\r\n			</td>\r\n		</tr>\r\n		<tr>\r\n			<td>\r\n			<p><strong>M&agrave;u Mặt Số</strong></p>\r\n			</td>\r\n			\r\n			<td>N&acirc;u Nhạt</td>\r\n		</tr>\r\n		<tr>\r\n			<td>\r\n			<p><strong>Chống Nước</strong></p>\r\n			</td>\r\n			\r\n			<td>\r\n			<p>3 ATM</p>\r\n			</td>\r\n		</tr>\r\n	</tbody>\r\n</table>\r\n', '72_K3M11TFK-699x699.jpg', 1),
(62, 27, 'CALVIN KLEIN K3M211Y6 – NAM – QUARTZ (PIN) – DÂY KIM LOẠI', 5420000, '<p>Mẫu đồng hồ nam K3M211Y6 được biết đến với lối thiết kế đặc trưng đến từ thương hiệu Calvin Klein c&ugrave;ng vẻ ngo&agrave;i giản dị 2 kim phong c&aacute;ch thời trang trẻ trung khi kết hợp c&ugrave;ng mẫu d&acirc;y đeo kim loại dạng lưới.</p>\r\n\r\n<table border=\"0\" cellpadding=\"0\" cellspacing=\"0\" style=\"width:300px\">\r\n	<tbody>\r\n		<tr>\r\n			<td>\r\n			<p><strong>Thương Hiệu</strong></p>\r\n			</td>\r\n			\r\n			<td>\r\n			<p>Calvin Klein</p>\r\n			</td>\r\n		</tr>\r\n		<tr>\r\n			<td>\r\n			<p><strong>Số Hiệu Sản Phẩm</strong></p>\r\n			</td>\r\n			\r\n			<td>K3M211Y6</td>\r\n		</tr>\r\n		<tr>\r\n			<td>\r\n			<p><strong>Xuất Xứ</strong></p>\r\n			</td>\r\n			\r\n			<td>\r\n			<p>Thụy Sỹ</p>\r\n			</td>\r\n		</tr>\r\n		<tr>\r\n			<td>\r\n			<p><strong>Giới T&iacute;nh</strong></p>\r\n			</td>\r\n			\r\n			<td>\r\n			<p>Nam</p>\r\n			</td>\r\n		</tr>\r\n		<tr>\r\n			<td>\r\n			<p><strong>K&iacute;nh</strong></p>\r\n			</td>\r\n			\r\n			<td>\r\n			<p>Mineral Crystal (K&iacute;nh Cứng)</p>\r\n			</td>\r\n		</tr>\r\n		<tr>\r\n			<td>\r\n			<p><strong>M&aacute;y</strong></p>\r\n			</td>\r\n			\r\n			<td>\r\n			<p>Quartz (Pin)</p>\r\n			</td>\r\n		</tr>\r\n		<tr>\r\n			<td>\r\n			<p><strong>Bảo H&agrave;nh Quốc Tế</strong></p>\r\n			</td>\r\n			\r\n			<td>\r\n			<p>2 Năm</p>\r\n			</td>\r\n		</tr>\r\n		<tr>\r\n			<td>\r\n			<p><strong>Đường K&iacute;nh Mặt Số</strong></p>\r\n			</td>\r\n			\r\n			<td>\r\n			<p>39 mm</p>\r\n			</td>\r\n		</tr>\r\n		<tr>\r\n			<td>\r\n			<p><strong>Bề D&agrave;y Mặt Số</strong></p>\r\n			</td>\r\n			\r\n			<td>\r\n			<p>6.5 mm</p>\r\n			</td>\r\n		</tr>\r\n		<tr>\r\n			<td>\r\n			<p><strong>Niềng</strong></p>\r\n			</td>\r\n			\r\n			<td>\r\n			<p>Th&eacute;p Kh&ocirc;ng Gỉ</p>\r\n			</td>\r\n		</tr>\r\n		<tr>\r\n			<td>\r\n			<p><strong>D&acirc;y Đeo</strong></p>\r\n			</td>\r\n			\r\n			<td>\r\n			<p>Th&eacute;p Kh&ocirc;ng Gỉ</p>\r\n			</td>\r\n		</tr>\r\n		<tr>\r\n			<td>\r\n			<p><strong>M&agrave;u Mặt Số</strong></p>\r\n			</td>\r\n			\r\n			<td>\r\n			<p>Trắng</p>\r\n			</td>\r\n		</tr>\r\n		<tr>\r\n			<td>\r\n			<p><strong>Chống Nước</strong></p>\r\n			</td>\r\n			\r\n			<td>\r\n			<p>3 ATM</p>\r\n			</td>\r\n		</tr>\r\n	</tbody>\r\n</table>\r\n', '101_K3M211Y6-1-699x699.jpg', 1),
(63, 27, 'CALVIN KLEIN K3M2112X – NAM – QUARTZ (PIN) – DÂY KIM LOẠI', 5420000, '<p>Đồng hồ nam Calvin Klein K3M2112X với mặt đồng hồ tr&ograve;n, kim chỉ m&agrave;u trắng nổi bật tr&ecirc;n nền đen với thiết kế kiểu d&aacute;ng đơn giản, nhưng kh&ocirc;ng k&eacute;m phần tinh tế d&acirc;y đeo được thiết kế dạng d&acirc;y lưới mạnh mẽ cho ph&aacute;i mạnh.</p>\r\n\r\n<table border=\"0\" cellpadding=\"0\" cellspacing=\"0\" style=\"width:300px\">\r\n	<tbody>\r\n		<tr>\r\n			<td>\r\n			<p><strong>Thương Hiệu</strong></p>\r\n			</td>\r\n			\r\n			<td>\r\n			<p>Calvin Klein</p>\r\n			</td>\r\n		</tr>\r\n		<tr>\r\n			<td>\r\n			<p><strong>Số Hiệu Sản Phẩm</strong></p>\r\n			</td>\r\n			\r\n			<td>\r\n			<p>K3M2112X</p>\r\n			</td>\r\n		</tr>\r\n		<tr>\r\n			<td>\r\n			<p><strong>Xuất Xứ</strong></p>\r\n			</td>\r\n			\r\n			<td>\r\n			<p>Thụy Sỹ</p>\r\n			</td>\r\n		</tr>\r\n		<tr>\r\n			<td>\r\n			<p><strong>Giới T&iacute;nh</strong></p>\r\n			</td>\r\n			\r\n			<td>\r\n			<p>Nam</p>\r\n			</td>\r\n		</tr>\r\n		<tr>\r\n			<td>\r\n			<p><strong>K&iacute;nh</strong></p>\r\n			</td>\r\n			\r\n			<td>\r\n			<p>Mineral Crystal (K&iacute;nh Cứng)</p>\r\n			</td>\r\n		</tr>\r\n		<tr>\r\n			<td>\r\n			<p><strong>M&aacute;y</strong></p>\r\n			</td>\r\n			\r\n			<td>\r\n			<p>Quartz (Pin)</p>\r\n			</td>\r\n		</tr>\r\n		<tr>\r\n			<td>\r\n			<p><strong>Bảo H&agrave;nh Quốc Tế</strong></p>\r\n			</td>\r\n			\r\n			<td>\r\n			<p>2 Năm</p>\r\n			</td>\r\n		</tr>\r\n		<tr>\r\n			<td>\r\n			<p><strong>Đường K&iacute;nh Mặt Số</strong></p>\r\n			</td>\r\n			\r\n			<td>\r\n			<p>40 mm</p>\r\n			</td>\r\n		</tr>\r\n		<tr>\r\n			<td>\r\n			<p><strong>Bề D&agrave;y Mặt Số</strong></p>\r\n			</td>\r\n			\r\n			<td>\r\n			<p>6.2 mm</p>\r\n			</td>\r\n		</tr>\r\n		<tr>\r\n			<td>\r\n			<p><strong>Niềng</strong></p>\r\n			</td>\r\n			\r\n			<td>\r\n			<p>Th&eacute;p Kh&ocirc;ng Gỉ</p>\r\n			</td>\r\n		</tr>\r\n		<tr>\r\n			<td>\r\n			<p><strong>D&acirc;y Đeo</strong></p>\r\n			</td>\r\n			\r\n			<td>\r\n			<p>Th&eacute;p Kh&ocirc;ng Gỉ</p>\r\n			</td>\r\n		</tr>\r\n		<tr>\r\n			<td>\r\n			<p><strong>M&agrave;u Mặt Số</strong></p>\r\n			</td>\r\n			\r\n			<td>\r\n			<p>Đen</p>\r\n			</td>\r\n		</tr>\r\n		<tr>\r\n			<td>\r\n			<p><strong>Chống Nước</strong></p>\r\n			</td>\r\n			\r\n			<td>\r\n			<p>3 ATM</p>\r\n			</td>\r\n		</tr>\r\n	</tbody>\r\n</table>\r\n\r\n<p>&nbsp;</p>\r\n', '17_K3M2112X-699x699.jpg', 1),
(64, 27, 'CALVIN KLEIN K4D22441 – NỮ – QUARTZ (PIN) – DÂY KIM LOẠI', 7470000, '<p>Mẫu Calvin Klein K4D22441 phi&ecirc;n bản tone m&agrave;u đen huyền b&iacute; phần d&acirc;y vỏ kim loại, chi tiết kim chỉ vạch số tạo n&eacute;t thanh mảnh mạ bạc nội bật tr&ecirc;n nền mặt số đen k&iacute;ch thước 32mm.</p>\r\n\r\n<table border=\"0\" cellpadding=\"0\" cellspacing=\"0\" style=\"width:300px\">\r\n	<tbody>\r\n		<tr>\r\n			<td>\r\n			<p><strong>Thương Hiệu</strong></p>\r\n			</td>\r\n			\r\n			<td>\r\n			<p>Calvin Klein</p>\r\n			</td>\r\n		</tr>\r\n		<tr>\r\n			<td>\r\n			<p><strong>Số Hiệu Sản Phẩm</strong></p>\r\n			</td>\r\n			\r\n			<td>K4D22441</td>\r\n		</tr>\r\n		<tr>\r\n			<td>\r\n			<p><strong>Xuất Xứ</strong></p>\r\n			</td>\r\n			\r\n			<td>\r\n			<p>Thụy Sỹ</p>\r\n			</td>\r\n		</tr>\r\n		<tr>\r\n			<td>\r\n			<p><strong>Giới T&iacute;nh</strong></p>\r\n			</td>\r\n			\r\n			<td>\r\n			<p>Nữ</p>\r\n			</td>\r\n		</tr>\r\n		<tr>\r\n			<td>\r\n			<p><strong>K&iacute;nh</strong></p>\r\n			</td>\r\n			\r\n			<td>\r\n			<p>Mineral Crystal (K&iacute;nh Cứng)</p>\r\n			</td>\r\n		</tr>\r\n		<tr>\r\n			<td>\r\n			<p><strong>M&aacute;y</strong></p>\r\n			</td>\r\n			\r\n			<td>\r\n			<p>Quartz (Pin)</p>\r\n			</td>\r\n		</tr>\r\n		<tr>\r\n			<td>\r\n			<p><strong>Bảo H&agrave;nh Quốc Tế</strong></p>\r\n			</td>\r\n			\r\n			<td>\r\n			<p>2 Năm</p>\r\n			</td>\r\n		</tr>\r\n		<tr>\r\n			<td>\r\n			<p><strong>Đường K&iacute;nh Mặt Số</strong></p>\r\n			</td>\r\n			\r\n			<td>\r\n			<p>32 mm</p>\r\n			</td>\r\n		</tr>\r\n		<tr>\r\n			<td>\r\n			<p><strong>Bề D&agrave;y Mặt Số</strong></p>\r\n			</td>\r\n			\r\n			<td>\r\n			<p>8 mm</p>\r\n			</td>\r\n		</tr>\r\n		<tr>\r\n			<td>\r\n			<p><strong>Niềng</strong></p>\r\n			</td>\r\n			\r\n			<td>\r\n			<p>Th&eacute;p Kh&ocirc;ng Gỉ</p>\r\n			</td>\r\n		</tr>\r\n		<tr>\r\n			<td>\r\n			<p><strong>D&acirc;y Đeo</strong></p>\r\n			</td>\r\n			\r\n			<td>\r\n			<p>Th&eacute;p Kh&ocirc;ng Gỉ</p>\r\n			</td>\r\n		</tr>\r\n		<tr>\r\n			<td>\r\n			<p><strong>M&agrave;u Mặt Số</strong></p>\r\n			</td>\r\n			\r\n			<td>\r\n			<p>Đen</p>\r\n			</td>\r\n		</tr>\r\n		<tr>\r\n			<td>\r\n			<p><strong>Chống Nước</strong></p>\r\n			</td>\r\n			\r\n			<td>\r\n			<p>3 ATM</p>\r\n			</td>\r\n		</tr>\r\n	</tbody>\r\n</table>\r\n', '13_K4D22441-699x699.jpg', 1),
(65, 27, 'CALVIN KLEIN K4D23146 – NỮ – QUARTZ (PIN) – DÂY KIM LOẠI', 5240000, '<p>Mẫu Calvin Klein K4D23146 mặt số nhỏ gọn k&iacute;ch thước 24mm c&ugrave;ng với c&aacute;c vạch số lẩn kim chỉ mạ bạc sang trọng tạo n&eacute;t thanh mảnh dịu d&agrave;ng d&agrave;nh cho ph&aacute;i đẹp.</p>\r\n\r\n<table border=\"0\" cellpadding=\"0\" cellspacing=\"0\" style=\"width:300px\">\r\n	<tbody>\r\n		<tr>\r\n			<td>\r\n			<p><strong>Thương Hiệu</strong></p>\r\n			</td>\r\n			\r\n			<td>\r\n			<p>Calvin Klein</p>\r\n			</td>\r\n		</tr>\r\n		<tr>\r\n			<td>\r\n			<p><strong>Số Hiệu Sản Phẩm</strong></p>\r\n			</td>\r\n			\r\n			<td>K4D23146</td>\r\n		</tr>\r\n		<tr>\r\n			<td>\r\n			<p><strong>Xuất Xứ</strong></p>\r\n			</td>\r\n			\r\n			<td>\r\n			<p>Thụy Sỹ</p>\r\n			</td>\r\n		</tr>\r\n		<tr>\r\n			<td>\r\n			<p><strong>Giới T&iacute;nh</strong></p>\r\n			</td>\r\n			\r\n			<td>\r\n			<p>Nữ</p>\r\n			</td>\r\n		</tr>\r\n		<tr>\r\n			<td>\r\n			<p><strong>K&iacute;nh</strong></p>\r\n			</td>\r\n			\r\n			<td>\r\n			<p>Mineral Crystal (K&iacute;nh Cứng)</p>\r\n			</td>\r\n		</tr>\r\n		<tr>\r\n			<td>\r\n			<p><strong>M&aacute;y</strong></p>\r\n			</td>\r\n			\r\n			<td>\r\n			<p>Quartz (Pin)</p>\r\n			</td>\r\n		</tr>\r\n		<tr>\r\n			<td>\r\n			<p><strong>Bảo H&agrave;nh Quốc Tế</strong></p>\r\n			</td>\r\n			\r\n			<td>\r\n			<p>2 Năm</p>\r\n			</td>\r\n		</tr>\r\n		<tr>\r\n			<td>\r\n			<p><strong>Đường K&iacute;nh Mặt Số</strong></p>\r\n			</td>\r\n			\r\n			<td>\r\n			<p>24 mm</p>\r\n			</td>\r\n		</tr>\r\n		<tr>\r\n			<td>\r\n			<p><strong>Bề D&agrave;y Mặt Số</strong></p>\r\n			</td>\r\n			\r\n			<td>\r\n			<p>8 mm</p>\r\n			</td>\r\n		</tr>\r\n		<tr>\r\n			<td>\r\n			<p><strong>Niềng</strong></p>\r\n			</td>\r\n			\r\n			<td>\r\n			<p>Th&eacute;p Kh&ocirc;ng Gỉ</p>\r\n			</td>\r\n		</tr>\r\n		<tr>\r\n			<td>\r\n			<p><strong>D&acirc;y Đeo</strong></p>\r\n			</td>\r\n			\r\n			<td>\r\n			<p>Th&eacute;p Kh&ocirc;ng Gỉ</p>\r\n			</td>\r\n		</tr>\r\n		<tr>\r\n			<td>\r\n			<p><strong>M&agrave;u Mặt Số</strong></p>\r\n			</td>\r\n			\r\n			<td>\r\n			<p>Trắng</p>\r\n			</td>\r\n		</tr>\r\n		<tr>\r\n			<td>\r\n			<p><strong>Chống Nước</strong></p>\r\n			</td>\r\n			\r\n			<td>\r\n			<p>3 ATM</p>\r\n			</td>\r\n		</tr>\r\n	</tbody>\r\n</table>\r\n', '14_K4D23146-699x699.jpg', 1),
(66, 27, 'CALVIN KLEIN K4F2N616 – NỮ – QUARTZ (PIN) – DÂY KIM LOẠI', 8750000, '<p>Đồng hồ Calvin Klein K4F2N616 với thiết kế thời trang sang trọng độc đ&aacute;o, nền trắng mặt số, niềng kim loại, kim chỉ v&agrave; gạch số được v&agrave;ng hồng thời trang cho ph&aacute;i nữ.</p>\r\n\r\n<table border=\"0\" cellpadding=\"0\" cellspacing=\"0\" style=\"width:300px\">\r\n	<tbody>\r\n		<tr>\r\n			<td>\r\n			<p><strong>Thương Hiệu</strong></p>\r\n			</td>\r\n			\r\n			<td>\r\n			<p>Calvin Klein</p>\r\n			</td>\r\n		</tr>\r\n		<tr>\r\n			<td>\r\n			<p><strong>Số Hiệu Sản Phẩm</strong></p>\r\n			</td>\r\n			\r\n			<td>\r\n			<p>K4F2N616</p>\r\n			</td>\r\n		</tr>\r\n		<tr>\r\n			<td>\r\n			<p><strong>Xuất Xứ</strong></p>\r\n			</td>\r\n			\r\n			<td>\r\n			<p>Thụy Sỹ</p>\r\n			</td>\r\n		</tr>\r\n		<tr>\r\n			<td>\r\n			<p><strong>Giới T&iacute;nh</strong></p>\r\n			</td>\r\n			\r\n			<td>\r\n			<p>Nữ</p>\r\n			</td>\r\n		</tr>\r\n		<tr>\r\n			<td>\r\n			<p><strong>K&iacute;nh</strong></p>\r\n			</td>\r\n			\r\n			<td>\r\n			<p>Mineral Crystal (K&iacute;nh Cứng)</p>\r\n			</td>\r\n		</tr>\r\n		<tr>\r\n			<td>\r\n			<p><strong>M&aacute;y</strong></p>\r\n			</td>\r\n			\r\n			<td>\r\n			<p>Quartz (Pin)</p>\r\n			</td>\r\n		</tr>\r\n		<tr>\r\n			<td>\r\n			<p><strong>Bảo H&agrave;nh Quốc Tế</strong></p>\r\n			</td>\r\n			\r\n			<td>\r\n			<p>2 Năm</p>\r\n			</td>\r\n		</tr>\r\n		<tr>\r\n			<td>\r\n			<p><strong>Đường K&iacute;nh Mặt Số</strong></p>\r\n			</td>\r\n			\r\n			<td>\r\n			<p>38.43mm</p>\r\n			</td>\r\n		</tr>\r\n		<tr>\r\n			<td>\r\n			<p><strong>Bề D&agrave;y Mặt Số</strong></p>\r\n			</td>\r\n			\r\n			<td>6.5 mm</td>\r\n		</tr>\r\n		<tr>\r\n			<td>\r\n			<p><strong>Niềng</strong></p>\r\n			</td>\r\n			\r\n			<td>\r\n			<p>Th&eacute;p Kh&ocirc;ng Gỉ</p>\r\n			</td>\r\n		</tr>\r\n		<tr>\r\n			<td>\r\n			<p><strong>D&acirc;y Đeo</strong></p>\r\n			</td>\r\n			\r\n			<td>\r\n			<p>Th&eacute;p Kh&ocirc;ng Gỉ</p>\r\n			</td>\r\n		</tr>\r\n		<tr>\r\n			<td>\r\n			<p><strong>M&agrave;u Mặt Số</strong></p>\r\n			</td>\r\n			\r\n			<td>\r\n			<p>Trắng</p>\r\n			</td>\r\n		</tr>\r\n		<tr>\r\n			<td>\r\n			<p><strong>Chống Nước</strong></p>\r\n			</td>\r\n			\r\n			<td>\r\n			<p>3 ATM</p>\r\n			</td>\r\n		</tr>\r\n	</tbody>\r\n</table>\r\n', '35_K4F2N616-699x699.jpg', 1),
(67, 27, 'CALVIN KLEIN K5R33B4G – NỮ – QUARTZ (PIN) – DÂY KIM LOẠI', 8190000, '<p>Đồng hồ Calvin Klein K5R33B4G với mặt số được khảm trai, kim chỉ v&agrave; gạch số mạ đồng, d&acirc;y đeo kim loại chắc chắn, mang lại n&eacute;t sang trọng, qu&yacute; ph&aacute;i, quyến rũ cho ph&aacute;i nữ.</p>\r\n\r\n<p>&nbsp;</p>\r\n\r\n<table border=\"0\" cellpadding=\"0\" cellspacing=\"0\" style=\"width:300px\">\r\n	<tbody>\r\n		<tr>\r\n			<td>\r\n			<p><strong>Thương Hiệu</strong></p>\r\n			</td>\r\n			\r\n			<td>\r\n			<p>Calvin Klein</p>\r\n			</td>\r\n		</tr>\r\n		<tr>\r\n			<td>\r\n			<p><strong>Số Hiệu Sản Phẩm</strong></p>\r\n			</td>\r\n			\r\n			<td>\r\n			<p>K5R33B4G</p>\r\n			</td>\r\n		</tr>\r\n		<tr>\r\n			<td>\r\n			<p><strong>Xuất Xứ</strong></p>\r\n			</td>\r\n			\r\n			<td>\r\n			<p>Thụy Sỹ</p>\r\n			</td>\r\n		</tr>\r\n		<tr>\r\n			<td>\r\n			<p><strong>Giới T&iacute;nh</strong></p>\r\n			</td>\r\n			\r\n			<td>\r\n			<p>Nữ</p>\r\n			</td>\r\n		</tr>\r\n		<tr>\r\n			<td>\r\n			<p><strong>K&iacute;nh</strong></p>\r\n			</td>\r\n			\r\n			<td>\r\n			<p>Mineral Crystal (K&iacute;nh Cứng)</p>\r\n			</td>\r\n		</tr>\r\n		<tr>\r\n			<td>\r\n			<p><strong>M&aacute;y</strong></p>\r\n			</td>\r\n			\r\n			<td>\r\n			<p>Quartz (Pin)</p>\r\n			</td>\r\n		</tr>\r\n		<tr>\r\n			<td>\r\n			<p><strong>Bảo H&agrave;nh Quốc Tế</strong></p>\r\n			</td>\r\n			\r\n			<td>\r\n			<p>2 Năm</p>\r\n			</td>\r\n		</tr>\r\n		<tr>\r\n			<td>\r\n			<p><strong>Đường K&iacute;nh Mặt Số</strong></p>\r\n			</td>\r\n			\r\n			<td>\r\n			<p>30 mm</p>\r\n			</td>\r\n		</tr>\r\n		<tr>\r\n			<td>\r\n			<p><strong>Bề D&agrave;y Mặt Số</strong></p>\r\n			</td>\r\n			\r\n			<td>7 mm</td>\r\n		</tr>\r\n		<tr>\r\n			<td>\r\n			<p><strong>Niềng</strong></p>\r\n			</td>\r\n			\r\n			<td>\r\n			<p>Th&eacute;p Kh&ocirc;ng Gỉ</p>\r\n			</td>\r\n		</tr>\r\n		<tr>\r\n			<td>\r\n			<p><strong>D&acirc;y Đeo</strong></p>\r\n			</td>\r\n			\r\n			<td>\r\n			<p>Th&eacute;p Kh&ocirc;ng Gỉ</p>\r\n			</td>\r\n		</tr>\r\n		<tr>\r\n			<td>\r\n			<p><strong>M&agrave;u Mặt Số</strong></p>\r\n			</td>\r\n			\r\n			<td>\r\n			<p>Trắng</p>\r\n			</td>\r\n		</tr>\r\n		<tr>\r\n			<td>\r\n			<p><strong>Chống Nước</strong></p>\r\n			</td>\r\n			\r\n			<td>\r\n			<p>3 ATM</p>\r\n			</td>\r\n		</tr>\r\n		<tr>\r\n			<td>\r\n			<p><strong>Chức Năng</strong></p>\r\n			</td>\r\n			\r\n			<td>\r\n			<p>Lịch Ng&agrave;y</p>\r\n			</td>\r\n		</tr>\r\n	</tbody>\r\n</table>\r\n', 'CK-K5R33B4G-_-K5R31B46-2-699x699.jpg', 1),
(68, 27, 'CALVIN KLEIN K7B21626 – NAM – QUARTZ (PIN) – DÂY KIM LOẠI', 8300000, '<p>Mẫu Calvin Klein K7B21626 phi&ecirc;n bản d&acirc;y vỏ kim loại v&agrave;ng hồng thời trang với thiết kế đơn giản 2 kim kết hợp c&ugrave;ng mẫu d&acirc;y đeo dạng lưới.</p>\r\n\r\n<table border=\"0\" cellpadding=\"0\" cellspacing=\"0\" style=\"width:300px\">\r\n	<tbody>\r\n		<tr>\r\n			<td>\r\n			<p><strong>Thương Hiệu</strong></p>\r\n			</td>\r\n			\r\n			<td>\r\n			<p>Calvin Klein</p>\r\n			</td>\r\n		</tr>\r\n		<tr>\r\n			<td>\r\n			<p><strong>Số Hiệu Sản Phẩm</strong></p>\r\n			</td>\r\n			\r\n			<td>K7B21626</td>\r\n		</tr>\r\n		<tr>\r\n			<td>\r\n			<p><strong>Xuất Xứ</strong></p>\r\n			</td>\r\n			\r\n			<td>\r\n			<p>Thụy Sỹ</p>\r\n			</td>\r\n		</tr>\r\n		<tr>\r\n			<td>\r\n			<p><strong>Giới T&iacute;nh</strong></p>\r\n			</td>\r\n			\r\n			<td>\r\n			<p>Nam</p>\r\n			</td>\r\n		</tr>\r\n		<tr>\r\n			<td>\r\n			<p><strong>K&iacute;nh</strong></p>\r\n			</td>\r\n			\r\n			<td>\r\n			<p>Mineral Crystal (K&iacute;nh Cứng)</p>\r\n			</td>\r\n		</tr>\r\n		<tr>\r\n			<td>\r\n			<p><strong>M&aacute;y</strong></p>\r\n			</td>\r\n			\r\n			<td>\r\n			<p>Quartz (Pin)</p>\r\n			</td>\r\n		</tr>\r\n		<tr>\r\n			<td>\r\n			<p><strong>Bảo H&agrave;nh Quốc Tế</strong></p>\r\n			</td>\r\n			\r\n			<td>\r\n			<p>2 Năm</p>\r\n			</td>\r\n		</tr>\r\n		<tr>\r\n			<td>\r\n			<p><strong>Đường K&iacute;nh Mặt Số</strong></p>\r\n			</td>\r\n			\r\n			<td>\r\n			<p>42 mm</p>\r\n			</td>\r\n		</tr>\r\n		<tr>\r\n			<td>\r\n			<p><strong>Bề D&agrave;y Mặt Số</strong></p>\r\n			</td>\r\n			\r\n			<td>\r\n			<p>7 mm</p>\r\n			</td>\r\n		</tr>\r\n		<tr>\r\n			<td>\r\n			<p><strong>Niềng</strong></p>\r\n			</td>\r\n			\r\n			<td>\r\n			<p>Th&eacute;p Kh&ocirc;ng Gỉ</p>\r\n			</td>\r\n		</tr>\r\n		<tr>\r\n			<td>\r\n			<p><strong>D&acirc;y Đeo</strong></p>\r\n			</td>\r\n			\r\n			<td>\r\n			<p>Th&eacute;p Kh&ocirc;ng Gỉ</p>\r\n			</td>\r\n		</tr>\r\n		<tr>\r\n			<td>\r\n			<p><strong>M&agrave;u Mặt Số</strong></p>\r\n			</td>\r\n			\r\n			<td>\r\n			<p>Trắng</p>\r\n			</td>\r\n		</tr>\r\n		<tr>\r\n			<td>\r\n			<p><strong>Chống Nước</strong></p>\r\n			</td>\r\n			\r\n			<td>\r\n			<p>3 ATM</p>\r\n			</td>\r\n		</tr>\r\n	</tbody>\r\n</table>\r\n', '24_K7B21626-699x699.jpg', 1),
(69, 20, 'CITIZEN AU1060-51E – NAM – ECO-DRIVE (NĂNG LƯỢNG ÁNH SÁNG) – DÂY KIM LOẠI', 5500000, '<p>Đậm chất nam t&iacute;nh k&iacute;ch thước đồng hồ to tr&ograve;n với phi&ecirc;n bản mặt số được phối t&ocirc;ng nền đen qu&yacute; ph&aacute;i tạo n&ecirc;n điểm nhấn nổi bật với c&ocirc;ng nghệ hiện đại Eco-Drive (Năng Lượng &Aacute;nh S&aacute;ng) được trang bị cho mẫu Citizen AU1060-51E.</p>\r\n\r\n<table border=\"0\" cellpadding=\"0\" cellspacing=\"0\" style=\"width:300px\">\r\n	<tbody>\r\n		<tr>\r\n			<td>\r\n			<p><strong>Thương Hiệu</strong></p>\r\n			</td>\r\n			\r\n			<td>\r\n			<p>Citizen</p>\r\n			</td>\r\n		</tr>\r\n		<tr>\r\n			<td>\r\n			<p><strong>Số Hiệu Sản Phẩm</strong></p>\r\n			</td>\r\n			\r\n			<td>AU1060-51E</td>\r\n		</tr>\r\n		<tr>\r\n			<td>\r\n			<p><strong>Xuất Xứ</strong></p>\r\n			</td>\r\n			\r\n			<td>\r\n			<p>Nhật Bản</p>\r\n			</td>\r\n		</tr>\r\n		<tr>\r\n			<td>\r\n			<p><strong>Giới T&iacute;nh</strong></p>\r\n			</td>\r\n			\r\n			<td>\r\n			<p>Nam</p>\r\n			</td>\r\n		</tr>\r\n		<tr>\r\n			<td>\r\n			<p><strong>K&iacute;nh</strong></p>\r\n			</td>\r\n			\r\n			<td>\r\n			<p>Mineral Crystal (K&iacute;nh Cứng)</p>\r\n			</td>\r\n		</tr>\r\n		<tr>\r\n			<td>\r\n			<p><strong>M&aacute;y</strong></p>\r\n			</td>\r\n			\r\n			<td>\r\n			<p>Eco-Drive (Năng Lượng &Aacute;nh S&aacute;ng)</p>\r\n			</td>\r\n		</tr>\r\n		<tr>\r\n			<td>\r\n			<p><strong>Bảo H&agrave;nh Quốc Tế</strong></p>\r\n			</td>\r\n			\r\n			<td>\r\n			<p>1 Năm</p>\r\n			</td>\r\n		</tr>\r\n		<tr>\r\n			<td>\r\n			<p><strong>Đường K&iacute;nh Mặt Số</strong></p>\r\n			</td>\r\n			\r\n			<td>\r\n			<p>40 mm</p>\r\n			</td>\r\n		</tr>\r\n		<tr>\r\n			<td>\r\n			<p><strong>Bề D&agrave;y Mặt Số</strong></p>\r\n			</td>\r\n			\r\n			<td>8 mm</td>\r\n		</tr>\r\n		<tr>\r\n			<td>\r\n			<p><strong>Niềng</strong></p>\r\n			</td>\r\n			\r\n			<td>\r\n			<p>Th&eacute;p Kh&ocirc;ng Gỉ</p>\r\n			</td>\r\n		</tr>\r\n		<tr>\r\n			<td>\r\n			<p><strong>D&acirc;y Đeo</strong></p>\r\n			</td>\r\n			\r\n			<td>\r\n			<p>Th&eacute;p Kh&ocirc;ng Gỉ</p>\r\n			</td>\r\n		</tr>\r\n		<tr>\r\n			<td>\r\n			<p><strong>M&agrave;u Mặt Số</strong></p>\r\n			</td>\r\n			\r\n			<td>\r\n			<p>Đen</p>\r\n			</td>\r\n		</tr>\r\n		<tr>\r\n			<td>\r\n			<p><strong>Chống Nước</strong></p>\r\n			</td>\r\n			\r\n			<td>\r\n			<p>3 ATM</p>\r\n			</td>\r\n		</tr>\r\n		<tr>\r\n			<td>\r\n			<p><strong>Chức Năng</strong></p>\r\n			</td>\r\n			\r\n			<td>Lịch Ng&agrave;y</td>\r\n		</tr>\r\n	</tbody>\r\n</table>\r\n', '174_AU1060-51E-699x699.jpg', 1),
(70, 20, 'CITIZEN AU1062-56E – NAM – ECO-DRIVE (NĂNG LƯỢNG ÁNH SÁNG) – DÂY KIM LOẠI', 6200000, '<p>Đồng hồ nam Citizen AU1062-56E với thiết kế pin sử dụng c&ocirc;ng nghệ Eco-Drive (Năng Lượng &Aacute;nh S&aacute;ng), với kiểu d&aacute;ng đơn giản kim chỉ mạ v&agrave;ng nổi bật tr&ecirc;n nền đen qu&yacute; ph&aacute;i, kết hợp d&acirc;y đeo kim loại phủ v&agrave;ng tạo n&ecirc;n sự sang trọng mạnh mẻ.</p>\r\n\r\n<table border=\"0\" cellpadding=\"0\" cellspacing=\"0\" style=\"width:300px\">\r\n	<tbody>\r\n		<tr>\r\n			<td>\r\n			<p><strong>Thương Hiệu</strong></p>\r\n			</td>\r\n			\r\n			<td>\r\n			<p>Citizen</p>\r\n			</td>\r\n		</tr>\r\n		<tr>\r\n			<td>\r\n			<p><strong>Số Hiệu Sản Phẩm</strong></p>\r\n			</td>\r\n			\r\n			<td>AU1062-56E</td>\r\n		</tr>\r\n		<tr>\r\n			<td>\r\n			<p><strong>Xuất Xứ</strong></p>\r\n			</td>\r\n			\r\n			<td>\r\n			<p>Nhật Bản</p>\r\n			</td>\r\n		</tr>\r\n		<tr>\r\n			<td>\r\n			<p><strong>Giới T&iacute;nh</strong></p>\r\n			</td>\r\n			\r\n			<td>\r\n			<p>Nam</p>\r\n			</td>\r\n		</tr>\r\n		<tr>\r\n			<td>\r\n			<p><strong>K&iacute;nh</strong></p>\r\n			</td>\r\n			\r\n			<td>\r\n			<p>Mineral Crystal (K&iacute;nh Cứng)</p>\r\n			</td>\r\n		</tr>\r\n		<tr>\r\n			<td>\r\n			<p><strong>M&aacute;y</strong></p>\r\n			</td>\r\n			\r\n			<td>\r\n			<p>Eco-Drive (Năng Lượng &Aacute;nh S&aacute;ng)</p>\r\n			</td>\r\n		</tr>\r\n		<tr>\r\n			<td>\r\n			<p><strong>Bảo H&agrave;nh Quốc Tế</strong></p>\r\n			</td>\r\n			\r\n			<td>\r\n			<p>1 Năm</p>\r\n			</td>\r\n		</tr>\r\n		<tr>\r\n			<td>\r\n			<p><strong>Đường K&iacute;nh Mặt Số</strong></p>\r\n			</td>\r\n			\r\n			<td>\r\n			<p>40 mm</p>\r\n			</td>\r\n		</tr>\r\n		<tr>\r\n			<td>\r\n			<p><strong>Bề D&agrave;y Mặt Số</strong></p>\r\n			</td>\r\n			\r\n			<td>8 mm</td>\r\n		</tr>\r\n		<tr>\r\n			<td>\r\n			<p><strong>Niềng</strong></p>\r\n			</td>\r\n			\r\n			<td>\r\n			<p>Th&eacute;p Kh&ocirc;ng Gỉ</p>\r\n			</td>\r\n		</tr>\r\n		<tr>\r\n			<td>\r\n			<p><strong>D&acirc;y Đeo</strong></p>\r\n			</td>\r\n			\r\n			<td>\r\n			<p>Th&eacute;p Kh&ocirc;ng Gỉ</p>\r\n			</td>\r\n		</tr>\r\n		<tr>\r\n			<td>\r\n			<p><strong>M&agrave;u Mặt Số</strong></p>\r\n			</td>\r\n			\r\n			<td>\r\n			<p>Đen</p>\r\n			</td>\r\n		</tr>\r\n		<tr>\r\n			<td>\r\n			<p><strong>Chống Nước</strong></p>\r\n			</td>\r\n			\r\n			<td>\r\n			<p>5 ATM</p>\r\n			</td>\r\n		</tr>\r\n		<tr>\r\n			<td>\r\n			<p><strong>Chức Năng</strong></p>\r\n			</td>\r\n			\r\n			<td>Lịch Ng&agrave;y</td>\r\n		</tr>\r\n	</tbody>\r\n</table>\r\n', '207_AU1062-56E-699x699.jpg', 1),
(71, 20, 'CITIZEN BI1050-81F – NAM – QUARTZ (PIN) – DÂY KIM LOẠI', 2850000, '<p>Đồng hồ nam Citizen BI1050-81F c&oacute; vỏ kim loại m&agrave;u bạc s&aacute;ng b&oacute;ng, kim chỉ v&agrave; vạch số to r&otilde; nổi bật tr&ecirc;n nền đen, kết hợp với d&acirc;y đeo bằng chất liệu th&eacute;p kh&ocirc;ng gỉ đem lại phong c&aacute;ch lịch l&atilde;m cho ph&aacute;i mạnh.</p>\r\n\r\n<table border=\"0\" cellpadding=\"0\" cellspacing=\"0\" style=\"width:300px\">\r\n	<tbody>\r\n		<tr>\r\n			<td>\r\n			<p><strong>Thương Hiệu</strong></p>\r\n			</td>\r\n			\r\n			<td>\r\n			<p>Citizen</p>\r\n			</td>\r\n		</tr>\r\n		<tr>\r\n			<td>\r\n			<p><strong>Số Hiệu Sản Phẩm</strong></p>\r\n			</td>\r\n			\r\n			<td>BI1050-81F</td>\r\n		</tr>\r\n		<tr>\r\n			<td>\r\n			<p><strong>Xuất Xứ</strong></p>\r\n			</td>\r\n			\r\n			<td>\r\n			<p>Nhật Bản</p>\r\n			</td>\r\n		</tr>\r\n		<tr>\r\n			<td>\r\n			<p><strong>Giới T&iacute;nh</strong></p>\r\n			</td>\r\n			\r\n			<td>\r\n			<p>Nam</p>\r\n			</td>\r\n		</tr>\r\n		<tr>\r\n			<td>\r\n			<p><strong>K&iacute;nh</strong></p>\r\n			</td>\r\n			\r\n			<td>\r\n			<p>Mineral Crystal (K&iacute;nh Cứng)</p>\r\n			</td>\r\n		</tr>\r\n		<tr>\r\n			<td>\r\n			<p><strong>M&aacute;y</strong></p>\r\n			</td>\r\n			\r\n			<td>\r\n			<p>Quartz (Pin)</p>\r\n			</td>\r\n		</tr>\r\n		<tr>\r\n			<td>\r\n			<p><strong>Bảo H&agrave;nh Quốc Tế</strong></p>\r\n			</td>\r\n			\r\n			<td>\r\n			<p>1 Năm</p>\r\n			</td>\r\n		</tr>\r\n		<tr>\r\n			<td>\r\n			<p><strong>Đường K&iacute;nh Mặt Số</strong></p>\r\n			</td>\r\n			\r\n			<td>\r\n			<p>40 mm</p>\r\n			</td>\r\n		</tr>\r\n		<tr>\r\n			<td>\r\n			<p><strong>Bề D&agrave;y Mặt Số</strong></p>\r\n			</td>\r\n			\r\n			<td>8 mm</td>\r\n		</tr>\r\n		<tr>\r\n			<td>\r\n			<p><strong>Niềng</strong></p>\r\n			</td>\r\n			\r\n			<td>\r\n			<p>Th&eacute;p Kh&ocirc;ng Gỉ</p>\r\n			</td>\r\n		</tr>\r\n		<tr>\r\n			<td>\r\n			<p><strong>D&acirc;y Đeo</strong></p>\r\n			</td>\r\n			\r\n			<td>\r\n			<p>Th&eacute;p Kh&ocirc;ng Gỉ</p>\r\n			</td>\r\n		</tr>\r\n		<tr>\r\n			<td>\r\n			<p><strong>M&agrave;u Mặt Số</strong></p>\r\n			</td>\r\n			\r\n			<td>\r\n			<p>Đen</p>\r\n			</td>\r\n		</tr>\r\n		<tr>\r\n			<td>\r\n			<p><strong>Chống Nước</strong></p>\r\n			</td>\r\n			\r\n			<td>\r\n			<p>5 ATM</p>\r\n			</td>\r\n		</tr>\r\n		<tr>\r\n			<td>\r\n			<p><strong>Chức Năng</strong></p>\r\n			</td>\r\n			\r\n			<td>Lịch Ng&agrave;y</td>\r\n		</tr>\r\n	</tbody>\r\n</table>\r\n', '215_BI1050-81F-699x699.jpg', 1);
INSERT INTO `sanpham` (`sanpham_id`, `danhmuc_sanpham_id`, `ten_sanpham`, `gia`, `chitiet`, `hinh`, `trangthai`) VALUES
(72, 20, 'CITIZEN BI5070-57H – NAM – QUARTZ (PIN) – DÂY KIM LOẠI', 3300000, '<p>Giản dị v&agrave; thời trang với mẫu Citizen BI5070-57H với kiểu d&aacute;ng 3 kim c&ugrave;ng&nbsp; với c&aacute;c chi tiết đồng hồ tạo n&eacute;t mỏng của sự tinh tế trẻ trung d&agrave;nh cho ph&aacute;i mạnh.</p>\r\n\r\n<table border=\"0\" cellpadding=\"0\" cellspacing=\"0\" style=\"width:300px\">\r\n	<tbody>\r\n		<tr>\r\n			<td>\r\n			<p><strong>Thương Hiệu</strong></p>\r\n			</td>\r\n			\r\n			<td>\r\n			<p>Citizen</p>\r\n			</td>\r\n		</tr>\r\n		<tr>\r\n			<td>\r\n			<p><strong>Số Hiệu Sản Phẩm</strong></p>\r\n			</td>\r\n			\r\n			<td>BI5070-57H</td>\r\n		</tr>\r\n		<tr>\r\n			<td>\r\n			<p><strong>Xuất Xứ</strong></p>\r\n			</td>\r\n			\r\n			<td>\r\n			<p>Nhật Bản</p>\r\n			</td>\r\n		</tr>\r\n		<tr>\r\n			<td>\r\n			<p><strong>Giới T&iacute;nh</strong></p>\r\n			</td>\r\n			\r\n			<td>\r\n			<p>Nam</p>\r\n			</td>\r\n		</tr>\r\n		<tr>\r\n			<td>\r\n			<p><strong>K&iacute;nh</strong></p>\r\n			</td>\r\n			\r\n			<td>\r\n			<p>Mineral Crystal (K&iacute;nh Cứng)</p>\r\n			</td>\r\n		</tr>\r\n		<tr>\r\n			<td>\r\n			<p><strong>M&aacute;y</strong></p>\r\n			</td>\r\n			\r\n			<td>\r\n			<p>Quartz (Pin)</p>\r\n			</td>\r\n		</tr>\r\n		<tr>\r\n			<td>\r\n			<p><strong>Bảo H&agrave;nh Quốc Tế</strong></p>\r\n			</td>\r\n			\r\n			<td>\r\n			<p>1 Năm</p>\r\n			</td>\r\n		</tr>\r\n		<tr>\r\n			<td>\r\n			<p><strong>Đường K&iacute;nh Mặt Số</strong></p>\r\n			</td>\r\n			\r\n			<td>\r\n			<p>40.5 mm</p>\r\n			</td>\r\n		</tr>\r\n		<tr>\r\n			<td>\r\n			<p><strong>Bề D&agrave;y Mặt Số</strong></p>\r\n			</td>\r\n			\r\n			<td>8 mm</td>\r\n		</tr>\r\n		<tr>\r\n			<td>\r\n			<p><strong>Niềng</strong></p>\r\n			</td>\r\n			\r\n			<td>\r\n			<p>Th&eacute;p Kh&ocirc;ng Gỉ</p>\r\n			</td>\r\n		</tr>\r\n		<tr>\r\n			<td>\r\n			<p><strong>D&acirc;y Đeo</strong></p>\r\n			</td>\r\n			\r\n			<td>\r\n			<p>Th&eacute;p Kh&ocirc;ng Gỉ</p>\r\n			</td>\r\n		</tr>\r\n		<tr>\r\n			<td>\r\n			<p><strong>M&agrave;u Mặt Số</strong></p>\r\n			</td>\r\n			\r\n			<td>X&aacute;m</td>\r\n		</tr>\r\n		<tr>\r\n			<td>\r\n			<p><strong>Chống Nước</strong></p>\r\n			</td>\r\n			\r\n			<td>\r\n			<p>5 ATM</p>\r\n			</td>\r\n		</tr>\r\n		<tr>\r\n			<td>\r\n			<p><strong>Chức Năng</strong></p>\r\n			</td>\r\n			\r\n			<td>Lịch Ng&agrave;y</td>\r\n		</tr>\r\n	</tbody>\r\n</table>\r\n', '156_BI5070-57H-699x699.jpg', 1),
(73, 20, 'CITIZEN BI5072-01A – NAM – QUARTZ (PIN) – DÂY DA', 3470000, '<p>TH&Ocirc;NG TIN SẢN PHẨM</p>\r\n\r\n<p>M&atilde; Số Sản Phẩm:&nbsp;BI5072-01A</p>\r\n\r\n<p>3.470.000&nbsp;₫</p>\r\n\r\n<p>Ẩn chứa dưới vẻ ngo&agrave;i giản dị của mẫu Citizen BI5072-01A với mẫu d&acirc;y da lịch l&atilde;m t&ocirc;ng m&agrave;u n&acirc;u, c&aacute;c chi tiết vạch số tạo h&igrave;nh mỏng chứa đựng sự tinh tế sang trọng khi được bao phủ t&ocirc;ng m&agrave;u v&agrave;ng nổi bật.</p>\r\n\r\n<table cellspacing=\"0\" style=\"border-collapse:collapse; width:431px\">\r\n	<tbody>\r\n		<tr>\r\n			<td style=\"background-color:#efeff1; height:19px; text-align:left; vertical-align:top; width:180px\">\r\n			<p><strong>Thương Hiệu</strong></p>\r\n			</td>\r\n			\r\n			<td style=\"background-color:#efeff1; height:19px; text-align:left; vertical-align:top; width:180px\">\r\n			<p>Citizen</p>\r\n			</td>\r\n		</tr>\r\n		<tr>\r\n			<td style=\"background-color:#ffffff; height:19px; text-align:left; vertical-align:top\">\r\n			<p><strong>Số Hiệu Sản Phẩm</strong></p>\r\n			</td>\r\n			\r\n			<td style=\"background-color:#ffffff; text-align:left; vertical-align:top; width:519px\">BI5072-01A</td>\r\n		</tr>\r\n		<tr>\r\n			<td style=\"background-color:#efeff1; height:19px; text-align:left; vertical-align:top\">\r\n			<p><strong>Xuất Xứ</strong></p>\r\n			</td>\r\n			\r\n			<td style=\"background-color:#efeff1; height:19px; text-align:left; vertical-align:top\">\r\n			<p>Nhật Bản</p>\r\n			</td>\r\n		</tr>\r\n		<tr>\r\n			<td style=\"background-color:#ffffff; height:19px; text-align:left; vertical-align:top\">\r\n			<p><strong>Giới T&iacute;nh</strong></p>\r\n			</td>\r\n			\r\n			<td style=\"background-color:#ffffff; text-align:left; vertical-align:top; width:519px\">\r\n			<p>Nam</p>\r\n			</td>\r\n		</tr>\r\n		<tr>\r\n			<td style=\"background-color:#efeff1; height:19px; text-align:left; vertical-align:top\">\r\n			<p><strong>K&iacute;nh</strong></p>\r\n			</td>\r\n			\r\n			<td style=\"background-color:#efeff1; height:19px; text-align:left; vertical-align:top\">\r\n			<p>Mineral Crystal (K&iacute;nh Cứng)</p>\r\n			</td>\r\n		</tr>\r\n		<tr>\r\n			<td style=\"background-color:#ffffff; height:19px; text-align:left; vertical-align:top\">\r\n			<p><strong>M&aacute;y</strong></p>\r\n			</td>\r\n			\r\n			<td style=\"background-color:#ffffff; text-align:left; vertical-align:top; width:519px\">\r\n			<p>Quartz (Pin)</p>\r\n			</td>\r\n		</tr>\r\n		<tr>\r\n			<td style=\"background-color:#efeff1; height:19px; text-align:left; vertical-align:top\">\r\n			<p><strong>Bảo H&agrave;nh Quốc Tế</strong></p>\r\n			</td>\r\n			\r\n			<td style=\"background-color:#efeff1; height:19px; text-align:left; vertical-align:top\">\r\n			<p>1 Năm</p>\r\n			</td>\r\n		</tr>\r\n		<tr>\r\n			<td style=\"background-color:#efeff1; height:19px; text-align:left; vertical-align:top\">\r\n			<p><strong>Đường K&iacute;nh Mặt Số</strong></p>\r\n			</td>\r\n			\r\n			<td style=\"background-color:#efeff1; height:19px; text-align:left; vertical-align:top\">\r\n			<p>40 mm</p>\r\n			</td>\r\n		</tr>\r\n		<tr>\r\n			<td style=\"background-color:#ffffff; height:19px; text-align:left; vertical-align:top\">\r\n			<p><strong>Bề D&agrave;y Mặt Số</strong></p>\r\n			</td>\r\n			\r\n			<td style=\"background-color:#ffffff; text-align:left; vertical-align:top; width:519px\">8 mm</td>\r\n		</tr>\r\n		<tr>\r\n			<td style=\"background-color:#efeff1; height:19px; text-align:left; vertical-align:top\">\r\n			<p><strong>Niềng</strong></p>\r\n			</td>\r\n			\r\n			<td style=\"background-color:#efeff1; height:19px; text-align:left; vertical-align:top\">\r\n			<p>Th&eacute;p Kh&ocirc;ng Gỉ</p>\r\n			</td>\r\n		</tr>\r\n		<tr>\r\n			<td style=\"background-color:#ffffff; height:19px; text-align:left; vertical-align:top\">\r\n			<p><strong>D&acirc;y Đeo</strong></p>\r\n			</td>\r\n			\r\n			<td style=\"background-color:#ffffff; text-align:left; vertical-align:top; width:519px\">\r\n			<p>D&acirc;y Da Ch&iacute;nh H&atilde;ng</p>\r\n			</td>\r\n		</tr>\r\n		<tr>\r\n			<td style=\"background-color:#efeff1; height:19px; text-align:left; vertical-align:top\">\r\n			<p><strong>M&agrave;u Mặt Số</strong></p>\r\n			</td>\r\n			\r\n			<td style=\"background-color:#efeff1; height:19px; text-align:left; vertical-align:top\">\r\n			<p>Trắng</p>\r\n			</td>\r\n		</tr>\r\n		<tr>\r\n			<td style=\"background-color:#ffffff; height:19px; text-align:left; vertical-align:top\">\r\n			<p><strong>Chống Nước</strong></p>\r\n			</td>\r\n			\r\n			<td style=\"background-color:#ffffff; text-align:left; vertical-align:top; width:519px\">\r\n			<p>5 ATM</p>\r\n			</td>\r\n		</tr>\r\n		<tr>\r\n			<td style=\"background-color:#efeff1; height:19px; text-align:left; vertical-align:top\">\r\n			<p><strong>Chức Năng</strong></p>\r\n			</td>\r\n			\r\n			<td style=\"background-color:#efeff1; height:19px; text-align:left; vertical-align:top\">Lịch Ng&agrave;y</td>\r\n		</tr>\r\n	</tbody>\r\n</table>\r\n', 'CITIZEN-BI5072-01A-1-699x699.jpg', 1),
(74, 20, 'CITIZEN BM7103-51L – NAM – KÍNH SAPPHIRE – ECO-DRIVE (NĂNG LƯỢNG ÁNH SÁNG) – DÂY KIM LOẠI', 10800000, '<p>Mẫu Citizen BM7103-51L phi&ecirc;n bản sang trọng mạ v&agrave;ng tr&ecirc;n chi tiết d&acirc;y vỏ kim loại, mặt số xanh size 41mm với tone m&agrave;u thời trang cho ph&aacute;i mạnh.</p>\r\n\r\n<table cellspacing=\"0\" style=\"border-collapse:collapse; width:431px\">\r\n	<tbody>\r\n		<tr>\r\n			<td style=\"background-color:#efeff1; height:19px; text-align:left; vertical-align:top; width:180px\">\r\n			<p><strong>Thương Hiệu</strong></p>\r\n			</td>\r\n			\r\n			<td style=\"background-color:#efeff1; height:19px; text-align:left; vertical-align:top; width:180px\">\r\n			<p>Citizen</p>\r\n			</td>\r\n		</tr>\r\n		<tr>\r\n			<td style=\"background-color:#ffffff; height:19px; text-align:left; vertical-align:top\">\r\n			<p><strong>Số Hiệu Sản Phẩm</strong></p>\r\n			</td>\r\n			\r\n			<td style=\"background-color:#ffffff; text-align:left; vertical-align:top; width:519px\">BM7103-51L</td>\r\n		</tr>\r\n		<tr>\r\n			<td style=\"background-color:#efeff1; height:19px; text-align:left; vertical-align:top\">\r\n			<p><strong>Xuất Xứ</strong></p>\r\n			</td>\r\n			\r\n			<td style=\"background-color:#efeff1; height:19px; text-align:left; vertical-align:top\">\r\n			<p>Nhật Bản</p>\r\n			</td>\r\n		</tr>\r\n		<tr>\r\n			<td style=\"background-color:#ffffff; height:19px; text-align:left; vertical-align:top\">\r\n			<p><strong>Giới T&iacute;nh</strong></p>\r\n			</td>\r\n			\r\n			<td style=\"background-color:#ffffff; text-align:left; vertical-align:top; width:519px\">\r\n			<p>Nam</p>\r\n			</td>\r\n		</tr>\r\n		<tr>\r\n			<td style=\"background-color:#efeff1; height:19px; text-align:left; vertical-align:top\">\r\n			<p><strong>K&iacute;nh</strong></p>\r\n			</td>\r\n			\r\n			<td style=\"background-color:#efeff1; height:19px; text-align:left; vertical-align:top\">\r\n			<p>Sapphire (K&iacute;nh Chống Trầy)</p>\r\n			</td>\r\n		</tr>\r\n		<tr>\r\n			<td style=\"background-color:#ffffff; height:19px; text-align:left; vertical-align:top\">\r\n			<p><strong>M&aacute;y</strong></p>\r\n			</td>\r\n			\r\n			<td style=\"background-color:#ffffff; text-align:left; vertical-align:top; width:519px\">\r\n			<p>Eco-Drive (Năng Lượng &Aacute;nh S&aacute;ng)</p>\r\n			</td>\r\n		</tr>\r\n		<tr>\r\n			<td style=\"background-color:#efeff1; height:19px; text-align:left; vertical-align:top\">\r\n			<p><strong>Bảo H&agrave;nh Quốc Tế</strong></p>\r\n			</td>\r\n			\r\n			<td style=\"background-color:#efeff1; height:19px; text-align:left; vertical-align:top\">\r\n			<p>1 Năm</p>\r\n			</td>\r\n		</tr>\r\n		<tr>\r\n			<td style=\"background-color:#efeff1; height:19px; text-align:left; vertical-align:top\">\r\n			<p><strong>Đường K&iacute;nh Mặt Số</strong></p>\r\n			</td>\r\n			\r\n			<td style=\"background-color:#efeff1; height:19px; text-align:left; vertical-align:top\">\r\n			<p>41 mm</p>\r\n			</td>\r\n		</tr>\r\n		<tr>\r\n			<td style=\"background-color:#ffffff; height:19px; text-align:left; vertical-align:top\">\r\n			<p><strong>Bề D&agrave;y Mặt Số</strong></p>\r\n			</td>\r\n			\r\n			<td style=\"background-color:#ffffff; text-align:left; vertical-align:top; width:519px\">9.5 mm</td>\r\n		</tr>\r\n		<tr>\r\n			<td style=\"background-color:#efeff1; height:19px; text-align:left; vertical-align:top\">\r\n			<p><strong>Niềng</strong></p>\r\n			</td>\r\n			\r\n			<td style=\"background-color:#efeff1; height:19px; text-align:left; vertical-align:top\">\r\n			<p>Th&eacute;p Kh&ocirc;ng Gỉ</p>\r\n			</td>\r\n		</tr>\r\n		<tr>\r\n			<td style=\"background-color:#ffffff; height:19px; text-align:left; vertical-align:top\">\r\n			<p><strong>D&acirc;y Đeo</strong></p>\r\n			</td>\r\n			\r\n			<td style=\"background-color:#ffffff; text-align:left; vertical-align:top; width:519px\">\r\n			<p>Th&eacute;p Kh&ocirc;ng Gỉ</p>\r\n			</td>\r\n		</tr>\r\n		<tr>\r\n			<td style=\"background-color:#efeff1; height:19px; text-align:left; vertical-align:top\">\r\n			<p><strong>M&agrave;u Mặt Số</strong></p>\r\n			</td>\r\n			\r\n			<td style=\"background-color:#efeff1; height:19px; text-align:left; vertical-align:top\">Xanh</td>\r\n		</tr>\r\n		<tr>\r\n			<td style=\"background-color:#ffffff; height:19px; text-align:left; vertical-align:top\">\r\n			<p><strong>Chống Nước</strong></p>\r\n			</td>\r\n			\r\n			<td style=\"background-color:#ffffff; text-align:left; vertical-align:top; width:519px\">\r\n			<p>10 ATM</p>\r\n			</td>\r\n		</tr>\r\n		<tr>\r\n			<td style=\"background-color:#efeff1; height:19px; text-align:left; vertical-align:top\">\r\n			<p><strong>Chức Năng</strong></p>\r\n			</td>\r\n			\r\n			<td style=\"background-color:#efeff1; height:19px; text-align:left; vertical-align:top\">Lịch Ng&agrave;y</td>\r\n		</tr>\r\n	</tbody>\r\n</table>\r\n', '6_BM7103-51L-699x699.jpg', 1),
(75, 26, 'BABY-G BGA-150CP-4BDR – NỮ – QUARTZ (PIN) – DÂY CAO SU', 3455000, '<p>Mẫu Baby-G BGA-150CP-4BDR phong c&aacute;ch c&aacute; t&iacute;nh với c&aacute;c &ocirc; số điện từ hiện thị đa chức năng, phối c&ugrave;ng thiết kế tổng thế vỏ m&aacute;y c&ugrave;ng d&acirc;y đeo được phối t&ocirc;ng m&agrave;u trắng sữa thời trang.</p>\r\n\r\n<table cellspacing=\"0\" style=\"border-collapse:collapse; width:431px\">\r\n	<tbody>\r\n		<tr>\r\n			<td style=\"background-color:#efeff1; height:19px; text-align:left; vertical-align:top; width:180px\">\r\n			<p><strong>Thương Hiệu</strong></p>\r\n			</td>\r\n			\r\n			<td style=\"background-color:#efeff1; height:19px; text-align:left; vertical-align:top; width:180px\">\r\n			<p>Casio</p>\r\n			</td>\r\n		</tr>\r\n		<tr>\r\n			<td style=\"background-color:#ffffff; height:19px; text-align:left; vertical-align:top\">\r\n			<p><strong>Số Hiệu Sản Phẩm</strong></p>\r\n			</td>\r\n			\r\n			<td style=\"background-color:#ffffff; text-align:left; vertical-align:top; width:519px\">BGA-150CP-4BDR</td>\r\n		</tr>\r\n		<tr>\r\n			<td style=\"background-color:#efeff1; height:19px; text-align:left; vertical-align:top\">\r\n			<p><strong>Xuất Xứ</strong></p>\r\n			</td>\r\n			\r\n			<td style=\"background-color:#efeff1; height:19px; text-align:left; vertical-align:top\">\r\n			<p>Nhật Bản</p>\r\n			</td>\r\n		</tr>\r\n		<tr>\r\n			<td style=\"background-color:#ffffff; height:19px; text-align:left; vertical-align:top\">\r\n			<p><strong>Giới T&iacute;nh</strong></p>\r\n			</td>\r\n			\r\n			<td style=\"background-color:#ffffff; text-align:left; vertical-align:top; width:519px\">\r\n			<p>Nữ</p>\r\n			</td>\r\n		</tr>\r\n		<tr>\r\n			<td style=\"background-color:#efeff1; height:19px; text-align:left; vertical-align:top\">\r\n			<p><strong>K&iacute;nh</strong></p>\r\n			</td>\r\n			\r\n			<td style=\"background-color:#efeff1; height:19px; text-align:left; vertical-align:top\">\r\n			<p>Mineral Crystal (K&iacute;nh Cứng)</p>\r\n			</td>\r\n		</tr>\r\n		<tr>\r\n			<td style=\"background-color:#ffffff; height:19px; text-align:left; vertical-align:top\">\r\n			<p><strong>M&aacute;y</strong></p>\r\n			</td>\r\n			\r\n			<td style=\"background-color:#ffffff; text-align:left; vertical-align:top; width:519px\">\r\n			<p>Quartz (Pin)</p>\r\n			</td>\r\n		</tr>\r\n		<tr>\r\n			<td style=\"background-color:#efeff1; height:19px; text-align:left; vertical-align:top\">\r\n			<p><strong>Bảo H&agrave;nh Quốc Tế</strong></p>\r\n			</td>\r\n			\r\n			<td style=\"background-color:#efeff1; height:19px; text-align:left; vertical-align:top\">\r\n			<p>1 Năm</p>\r\n			</td>\r\n		</tr>\r\n		<tr>\r\n			<td style=\"background-color:#efeff1; height:19px; text-align:left; vertical-align:top\">\r\n			<p><strong>Đường K&iacute;nh Mặt Số</strong></p>\r\n			</td>\r\n			\r\n			<td style=\"background-color:#efeff1; height:19px; text-align:left; vertical-align:top\">\r\n			<p>47.5 mm x 42.8 mm</p>\r\n			</td>\r\n		</tr>\r\n		<tr>\r\n			<td style=\"background-color:#ffffff; height:19px; text-align:left; vertical-align:top\">\r\n			<p><strong>Bề D&agrave;y Mặt Số</strong></p>\r\n			</td>\r\n			\r\n			<td style=\"background-color:#ffffff; text-align:left; vertical-align:top; width:519px\">\r\n			<p>12.8 mm</p>\r\n			</td>\r\n		</tr>\r\n		<tr>\r\n			<td style=\"background-color:#efeff1; height:19px; text-align:left; vertical-align:top\">\r\n			<p><strong>Niềng</strong></p>\r\n			</td>\r\n			\r\n			<td style=\"background-color:#efeff1; height:19px; text-align:left; vertical-align:top\">\r\n			<p>Nhựa</p>\r\n			</td>\r\n		</tr>\r\n		<tr>\r\n			<td style=\"background-color:#ffffff; height:19px; text-align:left; vertical-align:top\">\r\n			<p><strong>D&acirc;y Đeo</strong></p>\r\n			</td>\r\n			\r\n			<td style=\"background-color:#ffffff; text-align:left; vertical-align:top; width:519px\">\r\n			<p>D&acirc;y Cao Su</p>\r\n			</td>\r\n		</tr>\r\n		<tr>\r\n			<td style=\"background-color:#efeff1; height:19px; text-align:left; vertical-align:top\">\r\n			<p><strong>M&agrave;u Mặt Số</strong></p>\r\n			</td>\r\n			\r\n			<td style=\"background-color:#efeff1; height:19px; text-align:left; vertical-align:top\">V&agrave;ng Hồng</td>\r\n		</tr>\r\n		<tr>\r\n			<td style=\"background-color:#ffffff; height:19px; text-align:left; vertical-align:top\">\r\n			<p><strong>Chống Nước</strong></p>\r\n			</td>\r\n			\r\n			<td style=\"background-color:#ffffff; text-align:left; vertical-align:top; width:519px\">\r\n			<p>10 ATM</p>\r\n			</td>\r\n		</tr>\r\n		<tr>\r\n			<td style=\"background-color:#efeff1; height:19px; text-align:left; vertical-align:top\">\r\n			<p><strong>Chức Năng</strong></p>\r\n			</td>\r\n			\r\n			<td style=\"background-color:#efeff1; height:19px; text-align:left; vertical-align:top\">\r\n			<p>Lịch &ndash; Bộ Bấm Giờ &ndash; Giờ K&eacute;p &ndash; Đ&egrave;n Led &ndash; V&agrave;i Chức Năng Kh&aacute;c</p>\r\n			</td>\r\n		</tr>\r\n	</tbody>\r\n</table>\r\n', '1_BGA-150CP-4BDR-699x699.jpg', 1),
(76, 26, 'BABY-G MSG-S200G-7ADR – NỮ – SOLAR (NĂNG LƯỢNG ÁNH SÁNG) – DÂY CAO SU', 4230000, '<p>Thời trang c&aacute; t&iacute;nh với k&iacute;ch thước d&agrave;y dặn c&ugrave;ng phi&ecirc;n bản d&acirc;y đeo chất liệu cao su trắng, tạo n&ecirc;n điểm nhấn nổi bật với c&ocirc;ng nghệ hiện đại Solar (Năng Lượng &Aacute;nh S&aacute;ng) được trang bị cho mẫu Baby-G MSG-S200G-7ADR.</p>\r\n\r\n<table cellspacing=\"0\" style=\"border-collapse:collapse; width:431px\">\r\n	<tbody>\r\n		<tr>\r\n			<td style=\"background-color:#efeff1; height:19px; text-align:left; vertical-align:top; width:180px\">\r\n			<p><strong>Thương Hiệu</strong></p>\r\n			</td>\r\n			\r\n			<td style=\"background-color:#efeff1; height:19px; text-align:left; vertical-align:top; width:180px\">\r\n			<p>Casio</p>\r\n			</td>\r\n		</tr>\r\n		<tr>\r\n			<td style=\"background-color:#ffffff; height:19px; text-align:left; vertical-align:top\">\r\n			<p><strong>Số Hiệu Sản Phẩm</strong></p>\r\n			</td>\r\n			\r\n			<td style=\"background-color:#ffffff; text-align:left; vertical-align:top; width:519px\">MSG-S200G-7ADR</td>\r\n		</tr>\r\n		<tr>\r\n			<td style=\"background-color:#efeff1; height:19px; text-align:left; vertical-align:top\">\r\n			<p><strong>Xuất Xứ</strong></p>\r\n			</td>\r\n			\r\n			<td style=\"background-color:#efeff1; height:19px; text-align:left; vertical-align:top\">\r\n			<p>Nhật Bản</p>\r\n			</td>\r\n		</tr>\r\n		<tr>\r\n			<td style=\"background-color:#ffffff; height:19px; text-align:left; vertical-align:top\">\r\n			<p><strong>Giới T&iacute;nh</strong></p>\r\n			</td>\r\n			\r\n			<td style=\"background-color:#ffffff; text-align:left; vertical-align:top; width:519px\">\r\n			<p>Nữ</p>\r\n			</td>\r\n		</tr>\r\n		<tr>\r\n			<td style=\"background-color:#efeff1; height:19px; text-align:left; vertical-align:top\">\r\n			<p><strong>K&iacute;nh</strong></p>\r\n			</td>\r\n			\r\n			<td style=\"background-color:#efeff1; height:19px; text-align:left; vertical-align:top\">\r\n			<p>Mineral Crystal (K&iacute;nh Cứng)</p>\r\n			</td>\r\n		</tr>\r\n		<tr>\r\n			<td style=\"background-color:#ffffff; height:19px; text-align:left; vertical-align:top\">\r\n			<p><strong>M&aacute;y</strong></p>\r\n			</td>\r\n			\r\n			<td style=\"background-color:#ffffff; text-align:left; vertical-align:top; width:519px\">\r\n			<p>Solar (Năng lượng &aacute;nh s&aacute;ng)</p>\r\n			</td>\r\n		</tr>\r\n		<tr>\r\n			<td style=\"background-color:#efeff1; height:19px; text-align:left; vertical-align:top\">\r\n			<p><strong>Bảo H&agrave;nh Quốc Tế</strong></p>\r\n			</td>\r\n			\r\n			<td style=\"background-color:#efeff1; height:19px; text-align:left; vertical-align:top\">\r\n			<p>1 Năm</p>\r\n			</td>\r\n		</tr>\r\n		<tr>\r\n			<td style=\"background-color:#efeff1; height:19px; text-align:left; vertical-align:top\">\r\n			<p><strong>Đường K&iacute;nh Mặt Số</strong></p>\r\n			</td>\r\n			\r\n			<td style=\"background-color:#efeff1; height:19px; text-align:left; vertical-align:top\">47.5 mm &times;38.4 mm</td>\r\n		</tr>\r\n		<tr>\r\n			<td style=\"background-color:#ffffff; height:19px; text-align:left; vertical-align:top\">\r\n			<p><strong>Bề D&agrave;y Mặt Số</strong></p>\r\n			</td>\r\n			\r\n			<td style=\"background-color:#ffffff; text-align:left; vertical-align:top; width:519px\">\r\n			<p>12.3 mm</p>\r\n			</td>\r\n		</tr>\r\n		<tr>\r\n			<td style=\"background-color:#efeff1; height:19px; text-align:left; vertical-align:top\">\r\n			<p><strong>Niềng</strong></p>\r\n			</td>\r\n			\r\n			<td style=\"background-color:#efeff1; height:19px; text-align:left; vertical-align:top\">\r\n			<p>&nbsp;</p>\r\n			</td>\r\n		</tr>\r\n		<tr>\r\n			<td style=\"background-color:#ffffff; height:19px; text-align:left; vertical-align:top\">\r\n			<p><strong>D&acirc;y Đeo</strong></p>\r\n			</td>\r\n			\r\n			<td style=\"background-color:#ffffff; text-align:left; vertical-align:top; width:519px\">\r\n			<p>D&acirc;y Cao Su</p>\r\n			</td>\r\n		</tr>\r\n		<tr>\r\n			<td style=\"background-color:#efeff1; height:19px; text-align:left; vertical-align:top\">\r\n			<p><strong>M&agrave;u Mặt Số</strong></p>\r\n			</td>\r\n			\r\n			<td style=\"background-color:#efeff1; height:19px; text-align:left; vertical-align:top\">\r\n			<p>Trắng</p>\r\n			</td>\r\n		</tr>\r\n		<tr>\r\n			<td style=\"background-color:#ffffff; height:19px; text-align:left; vertical-align:top\">\r\n			<p><strong>Chống Nước</strong></p>\r\n			</td>\r\n			\r\n			<td style=\"background-color:#ffffff; text-align:left; vertical-align:top; width:519px\">\r\n			<p>10 ATM</p>\r\n			</td>\r\n		</tr>\r\n		<tr>\r\n			<td style=\"background-color:#efeff1; height:19px; text-align:left; vertical-align:top\">\r\n			<p><strong>Chức Năng</strong></p>\r\n			</td>\r\n			\r\n			<td style=\"background-color:#efeff1; height:19px; text-align:left; vertical-align:top\">Lịch &ndash; Bộ Bấm Giờ &ndash; Giờ K&eacute;p &ndash; Đ&egrave;n Led &ndash; V&agrave;i Chức Năng Kh&aacute;c</td>\r\n		</tr>\r\n	</tbody>\r\n</table>\r\n', '24_MSG-S200G-7ADR-699x699.jpg', 1),
(77, 26, 'G-SHOCK AW-591-2ADR – NAM – QUARTZ (PIN) – DÂY CAO SU', 2515000, '<p>Đồng hồ nam G-Shock AW-591-2ADR với phong c&aacute;ch thể thao mạnh mẽ, vỏ v&agrave; d&acirc;y đeo m&agrave;u đen l&agrave;m bằng nhựa cao cấp, mặt đồng hồ với sự phối m&agrave;u xanh v&agrave; m&agrave;u đen đem đến thời trang nam t&iacute;nh.</p>\r\n\r\n<table cellspacing=\"0\" style=\"border-collapse:collapse; width:200px\">\r\n	<tbody>\r\n		<tr>\r\n			<td colspan=\"3\" style=\"background-color:#efeff1; height:19px; text-align:left; vertical-align:top; width:180px\">\r\n			<p><strong>Thương Hiệu:&nbsp;</strong>Casio</p>\r\n			</td>\r\n		</tr>\r\n		<tr>\r\n			<td colspan=\"3\" style=\"background-color:#ffffff; height:19px; text-align:left; vertical-align:top\">\r\n			<p><strong>Số Hiệu Sản Phẩm:&nbsp;</strong>AW-591-2ADR</p>\r\n			</td>\r\n		</tr>\r\n		<tr>\r\n			<td colspan=\"3\" style=\"background-color:#efeff1; height:19px; text-align:left; vertical-align:top\">\r\n			<p><strong>Xuất Xứ:&nbsp;</strong>Nhật Bản</p>\r\n			</td>\r\n		</tr>\r\n		<tr>\r\n			<td colspan=\"3\" style=\"background-color:#ffffff; height:19px; text-align:left; vertical-align:top\">\r\n			<p><strong>Giới T&iacute;nh:&nbsp;</strong>Nam</p>\r\n			</td>\r\n		</tr>\r\n		<tr>\r\n			<td colspan=\"3\" style=\"background-color:#efeff1; height:19px; text-align:left; vertical-align:top\">\r\n			<p><strong>K&iacute;nh:&nbsp;</strong><a href=\"https://donghohaitrieu.com/tin-tuc/dong-ho/4-ly-do-vi-sao-kinh-khoang-mineral-crystal-pho-bien-nhat-o-dong-ho.html\" target=\"_blank\">Mineral Crystal</a>&nbsp;(K&iacute;nh Cứng)</p>\r\n			</td>\r\n		</tr>\r\n		<tr>\r\n			<td colspan=\"3\" style=\"background-color:#ffffff; height:19px; text-align:left; vertical-align:top\">\r\n			<p><strong>M&aacute;y:&nbsp;</strong><a href=\"https://donghohaitrieu.com/tin-tuc/dong-ho/dong-ho-thach-anh-la-gi-cach-hoat-dong-dong-ho-thach-anh-ra-sao.html\" target=\"_blank\">Quartz</a>&nbsp;(Pin)</p>\r\n			</td>\r\n		</tr>\r\n		<tr>\r\n			<td colspan=\"3\" style=\"background-color:#efeff1; height:19px; text-align:left; vertical-align:top\">\r\n			<p><strong>Bảo H&agrave;nh Quốc Tế:&nbsp;</strong>1 Năm</p>\r\n			</td>\r\n		</tr>\r\n		<tr>\r\n			<td colspan=\"3\" style=\"background-color:#ffffff; height:19px; text-align:left; vertical-align:top\">\r\n			<p>&nbsp;</p>\r\n			</td>\r\n		</tr>\r\n		<tr>\r\n			<td colspan=\"3\" style=\"background-color:#efeff1; height:19px; text-align:left; vertical-align:top\">\r\n			<p><strong>Đường K&iacute;nh Mặt Số:&nbsp;</strong>52mm&ensp;&times;&ensp;46.4mm</p>\r\n			</td>\r\n		</tr>\r\n		<tr>\r\n			<td colspan=\"3\" style=\"background-color:#ffffff; height:19px; text-align:left; vertical-align:top\">\r\n			<p><strong>Bề D&agrave;y Mặt Số:&nbsp;</strong>14.9 mm</p>\r\n			</td>\r\n		</tr>\r\n		<tr>\r\n			<td colspan=\"3\" style=\"background-color:#efeff1; height:19px; text-align:left; vertical-align:top\">\r\n			<p><strong>Niềng:&nbsp;</strong>Nhựa</p>\r\n			</td>\r\n		</tr>\r\n		<tr>\r\n			<td colspan=\"3\" style=\"background-color:#ffffff; height:19px; text-align:left; vertical-align:top\">\r\n			<p><strong>D&acirc;y Đeo:&nbsp;</strong>D&acirc;y Cao Su</p>\r\n			</td>\r\n		</tr>\r\n		<tr>\r\n			<td colspan=\"3\" style=\"background-color:#efeff1; height:19px; text-align:left; vertical-align:top\">\r\n			<p><strong>M&agrave;u Mặt Số:&nbsp;</strong>Đen</p>\r\n			</td>\r\n		</tr>\r\n		<tr>\r\n			<td colspan=\"3\" style=\"background-color:#ffffff; height:19px; text-align:left; vertical-align:top\">\r\n			<p><strong>Chống Nước:&nbsp;</strong>20 ATM</p>\r\n			</td>\r\n		</tr>\r\n		<tr>\r\n			<td colspan=\"3\" style=\"background-color:#efeff1; height:19px; text-align:left; vertical-align:top\">\r\n			<p><strong>Chức Năng:&nbsp;</strong>Lịch &ndash; Bộ Bấm Giờ &ndash;&nbsp;Giờ Thế Giới&nbsp;&ndash;&nbsp;Đ&egrave;n Led&nbsp;&ndash; V&agrave;i Chức Năng Kh&aacute;c</p>\r\n			</td>\r\n		</tr>\r\n	</tbody>\r\n</table>\r\n', 'CASIO-AW-591-2ADR-1-699x699.jpg', 1),
(78, 26, 'G-SHOCK DW-5600BB-1DR – NAM – QUARTZ (PIN) – DÂY CAO SU', 3196000, '<p>Trẻ trung nam t&iacute;nh với thiết kế vỏ m&aacute;y khung nhựa dập nổi với mẫu G-Shock DW-5600BB-1DR c&ugrave;ng khả năng chịu nước l&ecirc;n đến 20 ATM th&iacute;ch hợp cho bạn trẻ năng động với nền mặt số điện tử hiện thị đa chức năng.</p>\r\n\r\n<table border=\"0\" cellpadding=\"0\" cellspacing=\"0\" style=\"width:300px\">\r\n	<tbody>\r\n		<tr>\r\n			<td>\r\n			<p><strong>Thương Hiệu</strong></p>\r\n			</td>\r\n			\r\n			<td>\r\n			<p>Casio</p>\r\n			</td>\r\n		</tr>\r\n		<tr>\r\n			<td>\r\n			<p><strong>Số Hiệu Sản Phẩm</strong></p>\r\n			</td>\r\n			\r\n			<td>DW-5600BB-1DR</td>\r\n		</tr>\r\n		<tr>\r\n			<td>\r\n			<p><strong>Xuất Xứ</strong></p>\r\n			</td>\r\n			\r\n			<td>\r\n			<p>Nhật Bản</p>\r\n			</td>\r\n		</tr>\r\n		<tr>\r\n			<td>\r\n			<p><strong>Giới T&iacute;nh</strong></p>\r\n			</td>\r\n			\r\n			<td>\r\n			<p>Nam</p>\r\n			</td>\r\n		</tr>\r\n		<tr>\r\n			<td>\r\n			<p><strong>K&iacute;nh</strong></p>\r\n			</td>\r\n			\r\n			<td>\r\n			<p>Mineral Crystal (K&iacute;nh Cứng)</p>\r\n			</td>\r\n		</tr>\r\n		<tr>\r\n			<td>\r\n			<p><strong>M&aacute;y</strong></p>\r\n			</td>\r\n			\r\n			<td>\r\n			<p>Quartz (Pin)</p>\r\n			</td>\r\n		</tr>\r\n		<tr>\r\n			<td>\r\n			<p><strong>Bảo H&agrave;nh Quốc Tế</strong></p>\r\n			</td>\r\n			\r\n			<td>\r\n			<p>1 Năm</p>\r\n			</td>\r\n		</tr>\r\n		<tr>\r\n			<td>\r\n			<p><strong>Đường K&iacute;nh Mặt Số</strong></p>\r\n			</td>\r\n			\r\n			<td>48.9 mm x 42.8 mm</td>\r\n		</tr>\r\n		<tr>\r\n			<td>\r\n			<p><strong>Bề D&agrave;y Mặt Số</strong></p>\r\n			</td>\r\n			\r\n			<td>\r\n			<p>13.4 mm</p>\r\n			</td>\r\n		</tr>\r\n		<tr>\r\n			<td>\r\n			<p><strong>Niềng</strong></p>\r\n			</td>\r\n			\r\n			<td>\r\n			<p>Nhựa</p>\r\n			</td>\r\n		</tr>\r\n		<tr>\r\n			<td>\r\n			<p><strong>D&acirc;y Đeo</strong></p>\r\n			</td>\r\n			\r\n			<td>\r\n			<p>D&acirc;y Cao Su</p>\r\n			</td>\r\n		</tr>\r\n		<tr>\r\n			<td>\r\n			<p><strong>M&agrave;u Mặt Số</strong></p>\r\n			</td>\r\n			\r\n			<td>\r\n			<p>Đen</p>\r\n			</td>\r\n		</tr>\r\n		<tr>\r\n			<td>\r\n			<p><strong>Chống Nước</strong></p>\r\n			</td>\r\n			\r\n			<td>\r\n			<p>20 ATM</p>\r\n			</td>\r\n		</tr>\r\n		<tr>\r\n			<td>\r\n			<p><strong>Chức Năng</strong></p>\r\n			</td>\r\n			\r\n			<td>\r\n			<p>Lịch &ndash; Bộ Bấm Giờ &ndash; Giờ K&eacute;p &ndash; Đ&egrave;n Led &ndash; V&agrave;i Chức Năng Kh&aacute;c</p>\r\n			</td>\r\n		</tr>\r\n	</tbody>\r\n</table>\r\n', '18_DW-5600BB-1DR-699x699.jpg', 1),
(79, 26, 'G-SHOCK NAM – QUARTZ (PIN) – DÂY CAO SU (GA-110GB-1ADR)', 4841000, '<p>Đồng hồ G-Shock GA-110GB-1ADR với phong c&aacute;ch c&aacute; t&iacute;nh mạnh mẽ, t&ocirc;ng m&agrave;u phối hợp bắt mắt giữa đen v&agrave; v&agrave;ng, chất liệu l&agrave; nhựa cao cấp si&ecirc;u bền, mặt k&iacute;nh kho&aacute;ng cứng chịu lực v&agrave; chống thấm nước.</p>\r\n\r\n<table cellspacing=\"0\" style=\"border-collapse:collapse; width:431px\">\r\n	<tbody>\r\n		<tr>\r\n			<td style=\"background-color:#efeff1; height:19px; text-align:left; vertical-align:top; width:180px\">\r\n			<p><strong>Thương Hiệu</strong></p>\r\n			</td>\r\n			\r\n			<td style=\"background-color:#efeff1; height:19px; text-align:left; vertical-align:top; width:180px\">\r\n			<p>Casio</p>\r\n			</td>\r\n		</tr>\r\n		<tr>\r\n			<td style=\"background-color:#ffffff; height:19px; text-align:left; vertical-align:top\">\r\n			<p><strong>Số Hiệu Sản Phẩm</strong></p>\r\n			</td>\r\n			\r\n			<td style=\"background-color:#ffffff; text-align:left; vertical-align:top; width:519px\">\r\n			<p>GA-110GB-1ADR</p>\r\n			</td>\r\n		</tr>\r\n		<tr>\r\n			<td style=\"background-color:#efeff1; height:19px; text-align:left; vertical-align:top\">\r\n			<p><strong>Xuất Xứ</strong></p>\r\n			</td>\r\n			\r\n			<td style=\"background-color:#efeff1; height:19px; text-align:left; vertical-align:top\">\r\n			<p>Nhật Bản</p>\r\n			</td>\r\n		</tr>\r\n		<tr>\r\n			<td style=\"background-color:#ffffff; height:19px; text-align:left; vertical-align:top\">\r\n			<p><strong>Giới T&iacute;nh</strong></p>\r\n			</td>\r\n			\r\n			<td style=\"background-color:#ffffff; text-align:left; vertical-align:top; width:519px\">\r\n			<p>Nam</p>\r\n			</td>\r\n		</tr>\r\n		<tr>\r\n			<td style=\"background-color:#efeff1; height:19px; text-align:left; vertical-align:top\">\r\n			<p><strong>K&iacute;nh</strong></p>\r\n			</td>\r\n			\r\n			<td style=\"background-color:#efeff1; height:19px; text-align:left; vertical-align:top\">\r\n			<p>Mineral Crystal (K&iacute;nh Cứng)</p>\r\n			</td>\r\n		</tr>\r\n		<tr>\r\n			<td style=\"background-color:#ffffff; height:19px; text-align:left; vertical-align:top\">\r\n			<p><strong>M&aacute;y</strong></p>\r\n			</td>\r\n			\r\n			<td style=\"background-color:#ffffff; text-align:left; vertical-align:top; width:519px\">\r\n			<p>Quartz (Pin)</p>\r\n			</td>\r\n		</tr>\r\n		<tr>\r\n			<td style=\"background-color:#efeff1; height:19px; text-align:left; vertical-align:top\">\r\n			<p><strong>Bảo H&agrave;nh Quốc Tế</strong></p>\r\n			</td>\r\n			\r\n			<td style=\"background-color:#efeff1; height:19px; text-align:left; vertical-align:top\">\r\n			<p>1 Năm</p>\r\n			</td>\r\n		</tr>\r\n		<tr>\r\n			<td style=\"background-color:#efeff1; height:19px; text-align:left; vertical-align:top\">\r\n			<p><strong>Đường K&iacute;nh Mặt Số</strong></p>\r\n			</td>\r\n			\r\n			<td style=\"background-color:#efeff1; height:19px; text-align:left; vertical-align:top\">\r\n			<p>51mm</p>\r\n			</td>\r\n		</tr>\r\n		<tr>\r\n			<td style=\"background-color:#ffffff; height:19px; text-align:left; vertical-align:top\">\r\n			<p><strong>Bề D&agrave;y Mặt Số</strong></p>\r\n			</td>\r\n			\r\n			<td style=\"background-color:#ffffff; text-align:left; vertical-align:top; width:519px\">\r\n			<p>17mm</p>\r\n			</td>\r\n		</tr>\r\n		<tr>\r\n			<td style=\"background-color:#efeff1; height:19px; text-align:left; vertical-align:top\">\r\n			<p><strong>Niềng</strong></p>\r\n			</td>\r\n			\r\n			<td style=\"background-color:#efeff1; height:19px; text-align:left; vertical-align:top\">\r\n			<p>Th&eacute;p Kh&ocirc;ng Gỉ</p>\r\n			</td>\r\n		</tr>\r\n		<tr>\r\n			<td style=\"background-color:#ffffff; height:19px; text-align:left; vertical-align:top\">\r\n			<p><strong>D&acirc;y Đeo</strong></p>\r\n			</td>\r\n			\r\n			<td style=\"background-color:#ffffff; text-align:left; vertical-align:top; width:519px\">\r\n			<p>D&acirc;y Cao Su</p>\r\n			</td>\r\n		</tr>\r\n		<tr>\r\n			<td style=\"background-color:#efeff1; height:19px; text-align:left; vertical-align:top\">\r\n			<p><strong>M&agrave;u Mặt Số</strong></p>\r\n			</td>\r\n			\r\n			<td style=\"background-color:#efeff1; height:19px; text-align:left; vertical-align:top\">\r\n			<p>V&agrave;ng</p>\r\n			</td>\r\n		</tr>\r\n		<tr>\r\n			<td style=\"background-color:#ffffff; height:19px; text-align:left; vertical-align:top\">\r\n			<p><strong>Chống Nước</strong></p>\r\n			</td>\r\n			\r\n			<td style=\"background-color:#ffffff; text-align:left; vertical-align:top; width:519px\">\r\n			<p>20 ATM</p>\r\n			</td>\r\n		</tr>\r\n		<tr>\r\n			<td style=\"background-color:#efeff1; height:19px; text-align:left; vertical-align:top\">\r\n			<p><strong>Chức Năng</strong></p>\r\n			</td>\r\n			\r\n			<td style=\"background-color:#efeff1; height:19px; text-align:left; vertical-align:top\">\r\n			<p>Lịch &ndash; Bộ Bấm Giờ &ndash; Giờ K&eacute;p &ndash; Đ&egrave;n Led &ndash; V&agrave;i Chức Năng Kh&aacute;c</p>\r\n			</td>\r\n		</tr>\r\n	</tbody>\r\n</table>\r\n', '6412-GA-110GB-1ADR-699x699.jpg', 1),
(80, 26, 'G-SHOCK GST-210M-4ADR – NAM – QUARTZ (PIN) – DÂY CAO SU', 9941000, '<p>Mẫu G-Shock GST-210M-4ADR vẻ ngo&agrave;i được tao h&igrave;nh kiểu d&aacute;ng vỏ m&aacute;y dập nổi c&ugrave;ng với sự kết hợp mặt số cơ v&agrave; điện tử tạo n&ecirc;n vẻ độc đ&aacute;o đầy nam t&iacute;nh c&ugrave;ng khả năng chịu nước l&ecirc;n đến 20 ATM.</p>\r\n\r\n<table cellspacing=\"0\" style=\"border-collapse:collapse; width:431px\">\r\n	<tbody>\r\n		<tr>\r\n			<td style=\"background-color:#efeff1; height:19px; text-align:left; vertical-align:top; width:180px\">\r\n			<p><strong>Thương Hiệu</strong></p>\r\n			</td>\r\n			\r\n			<td style=\"background-color:#efeff1; height:19px; text-align:left; vertical-align:top; width:180px\">\r\n			<p>Casio</p>\r\n			</td>\r\n		</tr>\r\n		<tr>\r\n			<td style=\"background-color:#ffffff; height:19px; text-align:left; vertical-align:top\">\r\n			<p><strong>Số Hiệu Sản Phẩm</strong></p>\r\n			</td>\r\n			\r\n			<td style=\"background-color:#ffffff; text-align:left; vertical-align:top; width:519px\">GST-210M-4ADR</td>\r\n		</tr>\r\n		<tr>\r\n			<td style=\"background-color:#efeff1; height:19px; text-align:left; vertical-align:top\">\r\n			<p><strong>Xuất Xứ</strong></p>\r\n			</td>\r\n			\r\n			<td style=\"background-color:#efeff1; height:19px; text-align:left; vertical-align:top\">\r\n			<p>Nhật Bản</p>\r\n			</td>\r\n		</tr>\r\n		<tr>\r\n			<td style=\"background-color:#ffffff; height:19px; text-align:left; vertical-align:top\">\r\n			<p><strong>Giới T&iacute;nh</strong></p>\r\n			</td>\r\n			\r\n			<td style=\"background-color:#ffffff; text-align:left; vertical-align:top; width:519px\">\r\n			<p>Nam</p>\r\n			</td>\r\n		</tr>\r\n		<tr>\r\n			<td style=\"background-color:#efeff1; height:19px; text-align:left; vertical-align:top\">\r\n			<p><strong>K&iacute;nh</strong></p>\r\n			</td>\r\n			\r\n			<td style=\"background-color:#efeff1; height:19px; text-align:left; vertical-align:top\">\r\n			<p>Mineral Crystal (K&iacute;nh Cứng)</p>\r\n			</td>\r\n		</tr>\r\n		<tr>\r\n			<td style=\"background-color:#ffffff; height:19px; text-align:left; vertical-align:top\">\r\n			<p><strong>M&aacute;y</strong></p>\r\n			</td>\r\n			\r\n			<td style=\"background-color:#ffffff; text-align:left; vertical-align:top; width:519px\">\r\n			<p>Quartz (Pin)</p>\r\n			</td>\r\n		</tr>\r\n		<tr>\r\n			<td style=\"background-color:#efeff1; height:19px; text-align:left; vertical-align:top\">\r\n			<p><strong>Bảo H&agrave;nh Quốc Tế</strong></p>\r\n			</td>\r\n			\r\n			<td style=\"background-color:#efeff1; height:19px; text-align:left; vertical-align:top\">\r\n			<p>1 Năm</p>\r\n			</td>\r\n		</tr>\r\n		<tr>\r\n			<td style=\"background-color:#efeff1; height:19px; text-align:left; vertical-align:top\">\r\n			<p><strong>Đường K&iacute;nh Mặt Số</strong></p>\r\n			</td>\r\n			\r\n			<td style=\"background-color:#efeff1; height:19px; text-align:left; vertical-align:top\">59.1 mm x 52.4 mm</td>\r\n		</tr>\r\n		<tr>\r\n			<td style=\"background-color:#ffffff; height:19px; text-align:left; vertical-align:top\">\r\n			<p><strong>Bề D&agrave;y Mặt Số</strong></p>\r\n			</td>\r\n			\r\n			<td style=\"background-color:#ffffff; text-align:left; vertical-align:top; width:519px\">\r\n			<p>16.1 mm</p>\r\n			</td>\r\n		</tr>\r\n		<tr>\r\n			<td style=\"background-color:#efeff1; height:19px; text-align:left; vertical-align:top\">\r\n			<p><strong>Niềng</strong></p>\r\n			</td>\r\n			\r\n			<td style=\"background-color:#efeff1; height:19px; text-align:left; vertical-align:top\">\r\n			<p>Nhựa</p>\r\n			</td>\r\n		</tr>\r\n		<tr>\r\n			<td style=\"background-color:#ffffff; height:19px; text-align:left; vertical-align:top\">\r\n			<p><strong>D&acirc;y Đeo</strong></p>\r\n			</td>\r\n			\r\n			<td style=\"background-color:#ffffff; text-align:left; vertical-align:top; width:519px\">\r\n			<p>D&acirc;y Cao Su</p>\r\n			</td>\r\n		</tr>\r\n		<tr>\r\n			<td style=\"background-color:#efeff1; height:19px; text-align:left; vertical-align:top\">\r\n			<p><strong>M&agrave;u Mặt Số</strong></p>\r\n			</td>\r\n			\r\n			<td style=\"background-color:#efeff1; height:19px; text-align:left; vertical-align:top\">\r\n			<p>Đen</p>\r\n			</td>\r\n		</tr>\r\n		<tr>\r\n			<td style=\"background-color:#ffffff; height:19px; text-align:left; vertical-align:top\">\r\n			<p><strong>Chống Nước</strong></p>\r\n			</td>\r\n			\r\n			<td style=\"background-color:#ffffff; text-align:left; vertical-align:top; width:519px\">\r\n			<p>20 ATM</p>\r\n			</td>\r\n		</tr>\r\n		<tr>\r\n			<td style=\"background-color:#efeff1; height:19px; text-align:left; vertical-align:top\">\r\n			<p><strong>Chức Năng</strong></p>\r\n			</td>\r\n			\r\n			<td style=\"background-color:#efeff1; height:19px; text-align:left; vertical-align:top\">\r\n			<p>Lịch &ndash; Bộ Bấm Giờ &ndash; Giờ K&eacute;p &ndash; Đ&egrave;n Led &ndash; V&agrave;i Chức Năng Kh&aacute;c</p>\r\n			</td>\r\n		</tr>\r\n	</tbody>\r\n</table>\r\n', 'CASIO-GST-210M-4ADR-2-699x699.jpg', 1),
(81, 26, 'G-SHOCK GA-2000-1A2DR – NAM – QUARTZ (PIN) – DÂY CAO SU', 4207000, '<p>Mẫu G-Shock GA-2000-1A2DR phần vỏ viền ngo&agrave;i tạo h&igrave;nh nền cọc số mang lại vẻ thể thao năng động c&ugrave;ng c&aacute;c &ocirc; số điện tử hiện thị chức năng lịch v&agrave; đo thời gian.</p>\r\n\r\n<table cellspacing=\"0\" style=\"border-collapse:collapse; width:431px\">\r\n	<tbody>\r\n		<tr>\r\n			<td style=\"background-color:#efeff1; height:19px; text-align:left; vertical-align:top; width:180px\">\r\n			<p><strong>Thương Hiệu</strong></p>\r\n			</td>\r\n			\r\n			<td style=\"background-color:#efeff1; height:19px; text-align:left; vertical-align:top; width:180px\">\r\n			<p>Casio</p>\r\n			</td>\r\n		</tr>\r\n		<tr>\r\n			<td style=\"background-color:#ffffff; height:19px; text-align:left; vertical-align:top\">\r\n			<p><strong>Số Hiệu Sản Phẩm</strong></p>\r\n			</td>\r\n			\r\n			<td style=\"background-color:#ffffff; text-align:left; vertical-align:top; width:519px\">GA-2000-1A2DR</td>\r\n		</tr>\r\n		<tr>\r\n			<td style=\"background-color:#efeff1; height:19px; text-align:left; vertical-align:top\">\r\n			<p><strong>Xuất Xứ</strong></p>\r\n			</td>\r\n			\r\n			<td style=\"background-color:#efeff1; height:19px; text-align:left; vertical-align:top\">\r\n			<p>Nhật Bản</p>\r\n			</td>\r\n		</tr>\r\n		<tr>\r\n			<td style=\"background-color:#ffffff; height:19px; text-align:left; vertical-align:top\">\r\n			<p><strong>Giới T&iacute;nh</strong></p>\r\n			</td>\r\n			\r\n			<td style=\"background-color:#ffffff; text-align:left; vertical-align:top; width:519px\">\r\n			<p>Nam</p>\r\n			</td>\r\n		</tr>\r\n		<tr>\r\n			<td style=\"background-color:#efeff1; height:19px; text-align:left; vertical-align:top\">\r\n			<p><strong>K&iacute;nh</strong></p>\r\n			</td>\r\n			\r\n			<td style=\"background-color:#efeff1; height:19px; text-align:left; vertical-align:top\">\r\n			<p>Mineral Crystal (K&iacute;nh Cứng)</p>\r\n			</td>\r\n		</tr>\r\n		<tr>\r\n			<td style=\"background-color:#ffffff; height:19px; text-align:left; vertical-align:top\">\r\n			<p><strong>M&aacute;y</strong></p>\r\n			</td>\r\n			\r\n			<td style=\"background-color:#ffffff; text-align:left; vertical-align:top; width:519px\">\r\n			<p>Quartz (Pin)</p>\r\n			</td>\r\n		</tr>\r\n		<tr>\r\n			<td style=\"background-color:#efeff1; height:19px; text-align:left; vertical-align:top\">\r\n			<p><strong>Bảo H&agrave;nh Quốc Tế</strong></p>\r\n			</td>\r\n			\r\n			<td style=\"background-color:#efeff1; height:19px; text-align:left; vertical-align:top\">\r\n			<p>1 Năm</p>\r\n			</td>\r\n		</tr>\r\n		<tr>\r\n			<td style=\"background-color:#efeff1; height:19px; text-align:left; vertical-align:top\">\r\n			<p><strong>Đường K&iacute;nh Mặt Số</strong></p>\r\n			</td>\r\n			\r\n			<td style=\"background-color:#efeff1; height:19px; text-align:left; vertical-align:top\">51.2 mm x 48.7 mm</td>\r\n		</tr>\r\n		<tr>\r\n			<td style=\"background-color:#ffffff; height:19px; text-align:left; vertical-align:top\">\r\n			<p><strong>Bề D&agrave;y Mặt Số</strong></p>\r\n			</td>\r\n			\r\n			<td style=\"background-color:#ffffff; text-align:left; vertical-align:top; width:519px\">\r\n			<p>14.1 mm</p>\r\n			</td>\r\n		</tr>\r\n		<tr>\r\n			<td style=\"background-color:#efeff1; height:19px; text-align:left; vertical-align:top\">\r\n			<p><strong>Niềng</strong></p>\r\n			</td>\r\n			\r\n			<td style=\"background-color:#efeff1; height:19px; text-align:left; vertical-align:top\">\r\n			<p>Nhựa</p>\r\n			</td>\r\n		</tr>\r\n		<tr>\r\n			<td style=\"background-color:#ffffff; height:19px; text-align:left; vertical-align:top\">\r\n			<p><strong>D&acirc;y Đeo</strong></p>\r\n			</td>\r\n			\r\n			<td style=\"background-color:#ffffff; text-align:left; vertical-align:top; width:519px\">\r\n			<p>D&acirc;y Cao Su</p>\r\n			</td>\r\n		</tr>\r\n		<tr>\r\n			<td style=\"background-color:#efeff1; height:19px; text-align:left; vertical-align:top\">\r\n			<p><strong>M&agrave;u Mặt Số</strong></p>\r\n			</td>\r\n			\r\n			<td style=\"background-color:#efeff1; height:19px; text-align:left; vertical-align:top\">\r\n			<p>Đen</p>\r\n			</td>\r\n		</tr>\r\n		<tr>\r\n			<td style=\"background-color:#ffffff; height:19px; text-align:left; vertical-align:top\">\r\n			<p><strong>Chống Nước</strong></p>\r\n			</td>\r\n			\r\n			<td style=\"background-color:#ffffff; text-align:left; vertical-align:top; width:519px\">\r\n			<p>20 ATM</p>\r\n			</td>\r\n		</tr>\r\n		<tr>\r\n			<td style=\"background-color:#efeff1; height:19px; text-align:left; vertical-align:top\">\r\n			<p><strong>Chức Năng</strong></p>\r\n			</td>\r\n			\r\n			<td style=\"background-color:#efeff1; height:19px; text-align:left; vertical-align:top\">\r\n			<p>Lịch &ndash; Bộ Bấm Giờ &ndash; Giờ K&eacute;p &ndash; Đ&egrave;n Led &ndash; V&agrave;i Chức Năng Kh&aacute;c</p>\r\n			</td>\r\n		</tr>\r\n	</tbody>\r\n</table>\r\n', '53_GA-2000-1A2DR-699x699.jpg', 1),
(82, 33, 'SEIKO SGEH68P1 – NAM – KÍNH SAPPHIRE – QUARTZ (PIN) – DÂY KIM LOẠI', 5740000, '<p>Mẫu Seiko SGEH68P1 mặt số trắng size 40mm với thiết kế 3 kim đơn giản trẻ trung đầy sang trọng kết hợp c&ugrave;ng mẫu d&acirc;y đeo v&agrave;ng demi.</p>\r\n\r\n<table cellspacing=\"0\" style=\"border-collapse:collapse; width:431px\">\r\n	<tbody>\r\n		<tr>\r\n			<td style=\"background-color:#efeff1; height:19px; text-align:left; vertical-align:top; width:180px\">\r\n			<p><strong>Thương Hiệu</strong></p>\r\n			</td>\r\n			\r\n			<td style=\"background-color:#efeff1; height:19px; text-align:left; vertical-align:top; width:180px\">\r\n			<p>Seiko</p>\r\n			</td>\r\n		</tr>\r\n		<tr>\r\n			<td style=\"background-color:#ffffff; height:19px; text-align:left; vertical-align:top\">\r\n			<p><strong>Số Hiệu Sản Phẩm</strong></p>\r\n			</td>\r\n			\r\n			<td style=\"background-color:#ffffff; text-align:left; vertical-align:top; width:519px\">SGEH68P1</td>\r\n		</tr>\r\n		<tr>\r\n			<td style=\"background-color:#efeff1; height:19px; text-align:left; vertical-align:top\">\r\n			<p><strong>Xuất Xứ</strong></p>\r\n			</td>\r\n			\r\n			<td style=\"background-color:#efeff1; height:19px; text-align:left; vertical-align:top\">\r\n			<p>Nhật Bản</p>\r\n			</td>\r\n		</tr>\r\n		<tr>\r\n			<td style=\"background-color:#ffffff; height:19px; text-align:left; vertical-align:top\">\r\n			<p><strong>Giới T&iacute;nh</strong></p>\r\n			</td>\r\n			\r\n			<td style=\"background-color:#ffffff; text-align:left; vertical-align:top; width:519px\">\r\n			<p>Nam</p>\r\n			</td>\r\n		</tr>\r\n		<tr>\r\n			<td style=\"background-color:#efeff1; height:19px; text-align:left; vertical-align:top\">\r\n			<p><strong>K&iacute;nh</strong></p>\r\n			</td>\r\n			\r\n			<td style=\"background-color:#efeff1; height:19px; text-align:left; vertical-align:top\">\r\n			<p>Sapphire (K&iacute;nh Chống Trầy)</p>\r\n			</td>\r\n		</tr>\r\n		<tr>\r\n			<td style=\"background-color:#ffffff; height:19px; text-align:left; vertical-align:top\">\r\n			<p><strong>M&aacute;y</strong></p>\r\n			</td>\r\n			\r\n			<td style=\"background-color:#ffffff; text-align:left; vertical-align:top; width:519px\">\r\n			<p>Quartz (Pin)</p>\r\n			</td>\r\n		</tr>\r\n		<tr>\r\n			<td style=\"background-color:#efeff1; height:19px; text-align:left; vertical-align:top\">\r\n			<p><strong>Bảo H&agrave;nh Quốc Tế</strong></p>\r\n			</td>\r\n			\r\n			<td style=\"background-color:#efeff1; height:19px; text-align:left; vertical-align:top\">\r\n			<p>1 Năm</p>\r\n			</td>\r\n		</tr>\r\n		<tr>\r\n			<td style=\"background-color:#efeff1; height:19px; text-align:left; vertical-align:top\">\r\n			<p><strong>Đường K&iacute;nh Mặt Số</strong></p>\r\n			</td>\r\n			\r\n			<td style=\"background-color:#efeff1; height:19px; text-align:left; vertical-align:top\">\r\n			<p>40 mm</p>\r\n			</td>\r\n		</tr>\r\n		<tr>\r\n			<td style=\"background-color:#ffffff; height:19px; text-align:left; vertical-align:top\">\r\n			<p><strong>Bề D&agrave;y Mặt Số</strong></p>\r\n			</td>\r\n			\r\n			<td style=\"background-color:#ffffff; text-align:left; vertical-align:top; width:519px\">\r\n			<p>8.6 mm</p>\r\n			</td>\r\n		</tr>\r\n		<tr>\r\n			<td style=\"background-color:#efeff1; height:19px; text-align:left; vertical-align:top\">\r\n			<p><strong>Niềng</strong></p>\r\n			</td>\r\n			\r\n			<td style=\"background-color:#efeff1; height:19px; text-align:left; vertical-align:top\">\r\n			<p>Th&eacute;p Kh&ocirc;ng Gỉ</p>\r\n			</td>\r\n		</tr>\r\n		<tr>\r\n			<td style=\"background-color:#ffffff; height:19px; text-align:left; vertical-align:top\">\r\n			<p><strong>D&acirc;y Đeo</strong></p>\r\n			</td>\r\n			\r\n			<td style=\"background-color:#ffffff; text-align:left; vertical-align:top; width:519px\">\r\n			<p>Th&eacute;p Kh&ocirc;ng Gỉ</p>\r\n			</td>\r\n		</tr>\r\n		<tr>\r\n			<td style=\"background-color:#efeff1; height:19px; text-align:left; vertical-align:top\">\r\n			<p><strong>M&agrave;u Mặt Số</strong></p>\r\n			</td>\r\n			\r\n			<td style=\"background-color:#efeff1; height:19px; text-align:left; vertical-align:top\">\r\n			<p>Trắng</p>\r\n			</td>\r\n		</tr>\r\n		<tr>\r\n			<td style=\"background-color:#ffffff; height:19px; text-align:left; vertical-align:top\">\r\n			<p><strong>Chống Nước</strong></p>\r\n			</td>\r\n			\r\n			<td style=\"background-color:#ffffff; text-align:left; vertical-align:top; width:519px\">\r\n			<p>10 ATM</p>\r\n			</td>\r\n		</tr>\r\n		<tr>\r\n			<td style=\"background-color:#efeff1; height:19px; text-align:left; vertical-align:top\">\r\n			<p><strong>Chức Năng</strong></p>\r\n			</td>\r\n			\r\n			<td style=\"background-color:#efeff1; height:19px; text-align:left; vertical-align:top\">\r\n			<p>Lịch Ng&agrave;y</p>\r\n			</td>\r\n		</tr>\r\n	</tbody>\r\n</table>\r\n\r\n<p>&nbsp;</p>\r\n', '2_SGEH68P1-699x699.jpg', 1);
INSERT INTO `sanpham` (`sanpham_id`, `danhmuc_sanpham_id`, `ten_sanpham`, `gia`, `chitiet`, `hinh`, `trangthai`) VALUES
(83, 33, 'SEIKO SGEH81P1 – NAM – QUARTZ (PIN)) – DÂY KIM LOẠI', 4740000, '<p>Giản dị nhưng vẫn lịch l&atilde;m với mẫu Seiko SGEH81P1 c&ugrave;ng thiết kế tổng thể đồng hồ bằng kim loại bao phủ t&ocirc;ng m&agrave;u bạc nam t&iacute;nh, c&aacute;c chi tiết b&ecirc;n trong như vạch số được tạo n&eacute;t mỏng.</p>\r\n\r\n<table cellspacing=\"0\" style=\"border-collapse:collapse; width:431px\">\r\n	<tbody>\r\n		<tr>\r\n			<td style=\"background-color:#efeff1; height:19px; text-align:left; vertical-align:top; width:180px\">\r\n			<p><strong>Thương Hiệu</strong></p>\r\n			</td>\r\n			<td style=\"background-color:#efeff1; height:19px; text-align:left; vertical-align:top; width:180px\">\r\n			<p>Seiko</p>\r\n			</td>\r\n		</tr>\r\n		<tr>\r\n			<td style=\"background-color:#ffffff; height:19px; text-align:left; vertical-align:top\">\r\n			<p><strong>Số Hiệu Sản Phẩm</strong></p>\r\n			</td>\r\n			<td style=\"background-color:#ffffff; text-align:left; vertical-align:top; width:519px\">SGEH81P1</td>\r\n		</tr>\r\n		<tr>\r\n			<td style=\"background-color:#efeff1; height:19px; text-align:left; vertical-align:top\">\r\n			<p><strong>Xuất Xứ</strong></p>\r\n			</td>\r\n			<td style=\"background-color:#efeff1; height:19px; text-align:left; vertical-align:top\">\r\n			<p>Nhật Bản</p>\r\n			</td>\r\n		</tr>\r\n		<tr>\r\n			<td style=\"background-color:#ffffff; height:19px; text-align:left; vertical-align:top\">\r\n			<p><strong>Giới T&iacute;nh</strong></p>\r\n			</td>\r\n			<td style=\"background-color:#ffffff; text-align:left; vertical-align:top; width:519px\">\r\n			<p>Nam</p>\r\n			</td>\r\n		</tr>\r\n		<tr>\r\n			<td style=\"background-color:#efeff1; height:19px; text-align:left; vertical-align:top\">\r\n			<p><strong>K&iacute;nh</strong></p>\r\n			</td>\r\n			<td style=\"background-color:#efeff1; height:19px; text-align:left; vertical-align:top\">\r\n			<p>Hardlex Crystal (K&iacute;nh Cứng)</p>\r\n			</td>\r\n		</tr>\r\n		<tr>\r\n			<td style=\"background-color:#ffffff; height:19px; text-align:left; vertical-align:top\">\r\n			<p><strong>M&aacute;y</strong></p>\r\n			</td>\r\n			<td style=\"background-color:#ffffff; text-align:left; vertical-align:top; width:519px\">\r\n			<p>Quartz (Pin)</p>\r\n			</td>\r\n		</tr>\r\n		<tr>\r\n			<td style=\"background-color:#efeff1; height:19px; text-align:left; vertical-align:top\">\r\n			<p><strong>Bảo H&agrave;nh Quốc Tế</strong></p>\r\n			</td>\r\n			<td style=\"background-color:#efeff1; height:19px; text-align:left; vertical-align:top\">\r\n			<p>1 Năm</p>\r\n			</td>\r\n		</tr>\r\n		<tr>\r\n			<td style=\"background-color:#efeff1; height:19px; text-align:left; vertical-align:top\">\r\n			<p><strong>Đường K&iacute;nh Mặt Số</strong></p>\r\n			</td>\r\n			<td style=\"background-color:#efeff1; height:19px; text-align:left; vertical-align:top\">\r\n			<p>40 mm</p>\r\n			</td>\r\n		</tr>\r\n		<tr>\r\n			<td style=\"background-color:#ffffff; height:19px; text-align:left; vertical-align:top\">\r\n			<p><strong>Bề D&agrave;y Mặt Số</strong></p>\r\n			</td>\r\n			<td style=\"background-color:#ffffff; text-align:left; vertical-align:top; width:519px\">\r\n			<p>10 mm</p>\r\n			</td>\r\n		</tr>\r\n		<tr>\r\n			<td style=\"background-color:#efeff1; height:19px; text-align:left; vertical-align:top\">\r\n			<p><strong>Niềng</strong></p>\r\n			</td>\r\n			<td style=\"background-color:#efeff1; height:19px; text-align:left; vertical-align:top\">\r\n			<p>Th&eacute;p Kh&ocirc;ng Gỉ</p>\r\n			</td>\r\n		</tr>\r\n		<tr>\r\n			<td style=\"background-color:#ffffff; height:19px; text-align:left; vertical-align:top\">\r\n			<p><strong>D&acirc;y Đeo</strong></p>\r\n			</td>\r\n			<td style=\"background-color:#ffffff; text-align:left; vertical-align:top; width:519px\">\r\n			<p>Th&eacute;p Kh&ocirc;ng Gỉ</p>\r\n			</td>\r\n		</tr>\r\n		<tr>\r\n			<td style=\"background-color:#efeff1; height:19px; text-align:left; vertical-align:top\">\r\n			<p><strong>M&agrave;u Mặt Số</strong></p>\r\n			</td>\r\n			<td style=\"background-color:#efeff1; height:19px; text-align:left; vertical-align:top\">\r\n			<p>Đen</p>\r\n			</td>\r\n		</tr>\r\n		<tr>\r\n			<td style=\"background-color:#ffffff; height:19px; text-align:left; vertical-align:top\">\r\n			<p><strong>Chống Nước</strong></p>\r\n			</td>\r\n			<td style=\"background-color:#ffffff; text-align:left; vertical-align:top; width:519px\">\r\n			<p>10 ATM</p>\r\n			</td>\r\n		</tr>\r\n		<tr>\r\n			<td style=\"background-color:#efeff1; height:19px; text-align:left; vertical-align:top\">\r\n			<p><strong>Chức Năng</strong></p>\r\n			</td>\r\n			<td style=\"background-color:#efeff1; height:19px; text-align:left; vertical-align:top\">\r\n			<p>Lịch Ng&agrave;y</p>\r\n			</td>\r\n		</tr>\r\n	</tbody>\r\n</table>\r\n', '132_SGEH81P1-699x699.jpg', 1),
(84, 33, 'SEIKO SKK889P1 – NỮ – KÍNH SAPPHIRE – QUARTZ (PIN) – DÂY KIM LOẠI', 8940000, '<p>Vẻ ki&ecirc;u sa đầy trẻ trung với mẫu đồng hồ Seiko SKK889P1 kho&aacute;c l&ecirc;n vẻ sang trọng c&ugrave;ng nền mặt số gia c&ocirc;ng tinh xảo đ&iacute;nh k&egrave;m c&aacute;c vi&ecirc;n pha l&ecirc; tương tạo n&ecirc;n sự tinh tế đầy quyến rủ cho ph&aacute;i đẹp.</p>\r\n\r\n<table cellspacing=\"0\" style=\"border-collapse:collapse; width:431px\">\r\n	<tbody>\r\n		<tr>\r\n			<td style=\"background-color:#efeff1; height:19px; text-align:left; vertical-align:top; width:180px\">\r\n			<p><strong>Thương Hiệu</strong></p>\r\n			</td>\r\n			\r\n			<td style=\"background-color:#efeff1; height:19px; text-align:left; vertical-align:top; width:180px\">\r\n			<p>Seiko</p>\r\n			</td>\r\n		</tr>\r\n		<tr>\r\n			<td style=\"background-color:#ffffff; height:19px; text-align:left; vertical-align:top\">\r\n			<p><strong>Số Hiệu Sản Phẩm</strong></p>\r\n			</td>\r\n			\r\n			<td style=\"background-color:#ffffff; text-align:left; vertical-align:top; width:519px\">SKK889P1</td>\r\n		</tr>\r\n		<tr>\r\n			<td style=\"background-color:#efeff1; height:19px; text-align:left; vertical-align:top\">\r\n			<p><strong>Xuất Xứ</strong></p>\r\n			</td>\r\n			\r\n			<td style=\"background-color:#efeff1; height:19px; text-align:left; vertical-align:top\">\r\n			<p>Nhật Bản</p>\r\n			</td>\r\n		</tr>\r\n		<tr>\r\n			<td style=\"background-color:#ffffff; height:19px; text-align:left; vertical-align:top\">\r\n			<p><strong>Giới T&iacute;nh</strong></p>\r\n			</td>\r\n			\r\n			<td style=\"background-color:#ffffff; text-align:left; vertical-align:top; width:519px\">\r\n			<p>Nữ</p>\r\n			</td>\r\n		</tr>\r\n		<tr>\r\n			<td style=\"background-color:#efeff1; height:19px; text-align:left; vertical-align:top\">\r\n			<p><strong>K&iacute;nh</strong></p>\r\n			</td>\r\n			\r\n			<td style=\"background-color:#efeff1; height:19px; text-align:left; vertical-align:top\">\r\n			<p>Sapphire (K&iacute;nh Chống Trầy)</p>\r\n			</td>\r\n		</tr>\r\n		<tr>\r\n			<td style=\"background-color:#ffffff; height:19px; text-align:left; vertical-align:top\">\r\n			<p><strong>M&aacute;y</strong></p>\r\n			</td>\r\n			\r\n			<td style=\"background-color:#ffffff; text-align:left; vertical-align:top; width:519px\">\r\n			<p>Automatic (Tự Động)</p>\r\n			</td>\r\n		</tr>\r\n		<tr>\r\n			<td style=\"background-color:#efeff1; height:19px; text-align:left; vertical-align:top\">\r\n			<p><strong>Bảo H&agrave;nh Quốc Tế</strong></p>\r\n			</td>\r\n			\r\n			<td style=\"background-color:#efeff1; height:19px; text-align:left; vertical-align:top\">\r\n			<p>1 Năm</p>\r\n			</td>\r\n		</tr>\r\n		<tr>\r\n			<td style=\"background-color:#efeff1; height:19px; text-align:left; vertical-align:top\">\r\n			<p><strong>Đường K&iacute;nh Mặt Số</strong></p>\r\n			</td>\r\n			\r\n			<td style=\"background-color:#efeff1; height:19px; text-align:left; vertical-align:top\">\r\n			<p>33.3 mm</p>\r\n			</td>\r\n		</tr>\r\n		<tr>\r\n			<td style=\"background-color:#ffffff; height:19px; text-align:left; vertical-align:top\">\r\n			<p><strong>Bề D&agrave;y Mặt Số</strong></p>\r\n			</td>\r\n			\r\n			<td style=\"background-color:#ffffff; text-align:left; vertical-align:top; width:519px\">\r\n			<p>8 mm</p>\r\n			</td>\r\n		</tr>\r\n		<tr>\r\n			<td style=\"background-color:#efeff1; height:19px; text-align:left; vertical-align:top\">\r\n			<p><strong>Niềng</strong></p>\r\n			</td>\r\n			\r\n			<td style=\"background-color:#efeff1; height:19px; text-align:left; vertical-align:top\">\r\n			<p>Th&eacute;p Kh&ocirc;ng Gỉ</p>\r\n			</td>\r\n		</tr>\r\n		<tr>\r\n			<td style=\"background-color:#ffffff; height:19px; text-align:left; vertical-align:top\">\r\n			<p><strong>D&acirc;y Đeo</strong></p>\r\n			</td>\r\n			\r\n			<td style=\"background-color:#ffffff; text-align:left; vertical-align:top; width:519px\">\r\n			<p>Th&eacute;p Kh&ocirc;ng Gỉ</p>\r\n			</td>\r\n		</tr>\r\n		<tr>\r\n			<td style=\"background-color:#efeff1; height:19px; text-align:left; vertical-align:top\">\r\n			<p><strong>M&agrave;u Mặt Số</strong></p>\r\n			</td>\r\n			\r\n			<td style=\"background-color:#efeff1; height:19px; text-align:left; vertical-align:top\">Xanh</td>\r\n		</tr>\r\n		<tr>\r\n			<td style=\"background-color:#ffffff; height:19px; text-align:left; vertical-align:top\">\r\n			<p><strong>Chống Nước</strong></p>\r\n			</td>\r\n			\r\n			<td style=\"background-color:#ffffff; text-align:left; vertical-align:top; width:519px\">\r\n			<p>10 ATM</p>\r\n			</td>\r\n		</tr>\r\n		<tr>\r\n			<td style=\"background-color:#efeff1; height:19px; text-align:left; vertical-align:top\">\r\n			<p><strong>Chức Năng</strong></p>\r\n			</td>\r\n			\r\n			<td style=\"background-color:#efeff1; height:19px; text-align:left; vertical-align:top\">\r\n			<p>Lịch Ng&agrave;y</p>\r\n			</td>\r\n		</tr>\r\n	</tbody>\r\n</table>\r\n', 'SEIKO-SKK889P1-1-699x699.jpg', 1),
(85, 33, 'SEIKO SNDV42P1 – NỮ – QUARTZ (PIN) – DÂY KIM LOẠI', 9420000, '<p>Vẻ ki&ecirc;u sa đầy trẻ trung với mẫu đồng hồ 6 kim Seiko SNDV42P1 kho&aacute;c l&ecirc;n vẻ ngo&agrave;i sang trọng với phần vỏ viền ngo&agrave;i gia c&ocirc;ng tinh xảo đ&iacute;nh k&egrave;m c&aacute;c vi&ecirc;n pha l&ecirc; tương ứng c&aacute;c m&uacute;i giờ tạo n&ecirc;n vẻ quyến rủ cho ph&aacute;i đẹp.</p>\r\n\r\n<table cellspacing=\"0\" style=\"border-collapse:collapse; width:431px\">\r\n	<tbody>\r\n		<tr>\r\n			<td style=\"background-color:#efeff1; height:19px; text-align:left; vertical-align:top; width:180px\">\r\n			<p><strong>Thương Hiệu</strong></p>\r\n			</td>\r\n			\r\n			<td style=\"background-color:#efeff1; height:19px; text-align:left; vertical-align:top; width:180px\">\r\n			<p>Seiko</p>\r\n			</td>\r\n		</tr>\r\n		<tr>\r\n			<td style=\"background-color:#ffffff; height:19px; text-align:left; vertical-align:top\">\r\n			<p><strong>Số Hiệu Sản Phẩm</strong></p>\r\n			</td>\r\n			\r\n			<td style=\"background-color:#ffffff; text-align:left; vertical-align:top; width:519px\">SNDV42P1</td>\r\n		</tr>\r\n		<tr>\r\n			<td style=\"background-color:#efeff1; height:19px; text-align:left; vertical-align:top\">\r\n			<p><strong>Xuất Xứ</strong></p>\r\n			</td>\r\n			\r\n			<td style=\"background-color:#efeff1; height:19px; text-align:left; vertical-align:top\">\r\n			<p>Nhật Bản</p>\r\n			</td>\r\n		</tr>\r\n		<tr>\r\n			<td style=\"background-color:#ffffff; height:19px; text-align:left; vertical-align:top\">\r\n			<p><strong>Giới T&iacute;nh</strong></p>\r\n			</td>\r\n			\r\n			<td style=\"background-color:#ffffff; text-align:left; vertical-align:top; width:519px\">\r\n			<p>Nữ</p>\r\n			</td>\r\n		</tr>\r\n		<tr>\r\n			<td style=\"background-color:#efeff1; height:19px; text-align:left; vertical-align:top\">\r\n			<p><strong>K&iacute;nh</strong></p>\r\n			</td>\r\n			\r\n			<td style=\"background-color:#efeff1; height:19px; text-align:left; vertical-align:top\">\r\n			<p>Hardlex Crystal (K&iacute;nh Cứng)</p>\r\n			</td>\r\n		</tr>\r\n		<tr>\r\n			<td style=\"background-color:#ffffff; height:19px; text-align:left; vertical-align:top\">\r\n			<p><strong>M&aacute;y</strong></p>\r\n			</td>\r\n			\r\n			<td style=\"background-color:#ffffff; text-align:left; vertical-align:top; width:519px\">\r\n			<p>Quartz (Pin)</p>\r\n			</td>\r\n		</tr>\r\n		<tr>\r\n			<td style=\"background-color:#efeff1; height:19px; text-align:left; vertical-align:top\">\r\n			<p><strong>Bảo H&agrave;nh Quốc Tế</strong></p>\r\n			</td>\r\n			\r\n			<td style=\"background-color:#efeff1; height:19px; text-align:left; vertical-align:top\">\r\n			<p>1 Năm</p>\r\n			</td>\r\n		</tr>\r\n		<tr>\r\n			<td style=\"background-color:#efeff1; height:19px; text-align:left; vertical-align:top\">\r\n			<p><strong>Đường K&iacute;nh Mặt Số</strong></p>\r\n			</td>\r\n			\r\n			<td style=\"background-color:#efeff1; height:19px; text-align:left; vertical-align:top\">\r\n			<p>36 mm</p>\r\n			</td>\r\n		</tr>\r\n		<tr>\r\n			<td style=\"background-color:#ffffff; height:19px; text-align:left; vertical-align:top\">\r\n			<p><strong>Bề D&agrave;y Mặt Số</strong></p>\r\n			</td>\r\n			\r\n			<td style=\"background-color:#ffffff; text-align:left; vertical-align:top; width:519px\">\r\n			<p>10 mm</p>\r\n			</td>\r\n		</tr>\r\n		<tr>\r\n			<td style=\"background-color:#efeff1; height:19px; text-align:left; vertical-align:top\">\r\n			<p><strong>Niềng</strong></p>\r\n			</td>\r\n			\r\n			<td style=\"background-color:#efeff1; height:19px; text-align:left; vertical-align:top\">\r\n			<p>Th&eacute;p Kh&ocirc;ng Gỉ</p>\r\n			</td>\r\n		</tr>\r\n		<tr>\r\n			<td style=\"background-color:#ffffff; height:19px; text-align:left; vertical-align:top\">\r\n			<p><strong>D&acirc;y Đeo</strong></p>\r\n			</td>\r\n			\r\n			<td style=\"background-color:#ffffff; text-align:left; vertical-align:top; width:519px\">\r\n			<p>Th&eacute;p Kh&ocirc;ng Gỉ</p>\r\n			</td>\r\n		</tr>\r\n		<tr>\r\n			<td style=\"background-color:#efeff1; height:19px; text-align:left; vertical-align:top\">\r\n			<p><strong>M&agrave;u Mặt Số</strong></p>\r\n			</td>\r\n			\r\n			<td style=\"background-color:#efeff1; height:19px; text-align:left; vertical-align:top\">\r\n			<p>Trắng</p>\r\n			</td>\r\n		</tr>\r\n		<tr>\r\n			<td style=\"background-color:#ffffff; height:19px; text-align:left; vertical-align:top\">\r\n			<p><strong>Chống Nước</strong></p>\r\n			</td>\r\n			\r\n			<td style=\"background-color:#ffffff; text-align:left; vertical-align:top; width:519px\">\r\n			<p>3 ATM</p>\r\n			</td>\r\n		</tr>\r\n		<tr>\r\n			<td style=\"background-color:#efeff1; height:19px; text-align:left; vertical-align:top\">\r\n			<p><strong>Chức Năng</strong></p>\r\n			</td>\r\n			\r\n			<td style=\"background-color:#efeff1; height:19px; text-align:left; vertical-align:top\">\r\n			<p>Lịch Ng&agrave;y &ndash; Chronograph</p>\r\n			</td>\r\n		</tr>\r\n	</tbody>\r\n</table>\r\n', '135_SNDV42P1-699x699.jpg', 1),
(86, 33, 'SEIKO SRPB65J1 – NAM – KÍNH SAPPHIRE – AUTOMATIC (TỰ ĐỘNG) – DÂY DA', 10440000, '<p>Vẻ ngo&agrave;i lịch l&atilde;m với mẫu d&acirc;y da trơn t&ocirc;ng m&agrave;u n&acirc;u nhưng cũng kh&ocirc;ng k&eacute;m cạnh vẻ trẻ trung c&ugrave;ng c&aacute;c vạch số trắng d&agrave;y dặn nổi bật l&ecirc;n nền mặt số t&ocirc;ng m&agrave;u xanh tạo n&ecirc;n mẫu đồng hồ thời trang Seiko SRPB65J1.</p>\r\n\r\n<table cellspacing=\"0\" style=\"border-collapse:collapse; width:431px\">\r\n	<tbody>\r\n		<tr>\r\n			<td style=\"background-color:#efeff1; height:19px; text-align:left; vertical-align:top; width:180px\">\r\n			<p><strong>Thương Hiệu</strong></p>\r\n			</td>\r\n			\r\n			<td style=\"background-color:#efeff1; height:19px; text-align:left; vertical-align:top; width:180px\">\r\n			<p>Seiko</p>\r\n			</td>\r\n		</tr>\r\n		<tr>\r\n			<td style=\"background-color:#ffffff; height:19px; text-align:left; vertical-align:top\">\r\n			<p><strong>Số Hiệu Sản Phẩm</strong></p>\r\n			</td>\r\n			\r\n			<td style=\"background-color:#ffffff; text-align:left; vertical-align:top; width:519px\">SRPB65J1</td>\r\n		</tr>\r\n		<tr>\r\n			<td style=\"background-color:#efeff1; height:19px; text-align:left; vertical-align:top\">\r\n			<p><strong>Xuất Xứ</strong></p>\r\n			</td>\r\n			\r\n			<td style=\"background-color:#efeff1; height:19px; text-align:left; vertical-align:top\">\r\n			<p>Nhật Bản</p>\r\n			</td>\r\n		</tr>\r\n		<tr>\r\n			<td style=\"background-color:#ffffff; height:19px; text-align:left; vertical-align:top\">\r\n			<p><strong>Giới T&iacute;nh</strong></p>\r\n			</td>\r\n			\r\n			<td style=\"background-color:#ffffff; text-align:left; vertical-align:top; width:519px\">\r\n			<p>Nam</p>\r\n			</td>\r\n		</tr>\r\n		<tr>\r\n			<td style=\"background-color:#efeff1; height:19px; text-align:left; vertical-align:top\">\r\n			<p><strong>K&iacute;nh</strong></p>\r\n			</td>\r\n			\r\n			<td style=\"background-color:#efeff1; height:19px; text-align:left; vertical-align:top\">Sapphire (K&iacute;nh Chống Trầy)</td>\r\n		</tr>\r\n		<tr>\r\n			<td style=\"background-color:#ffffff; height:19px; text-align:left; vertical-align:top\">\r\n			<p><strong>M&aacute;y</strong></p>\r\n			</td>\r\n			\r\n			<td style=\"background-color:#ffffff; text-align:left; vertical-align:top; width:519px\">Automatic (Tự Động)</td>\r\n		</tr>\r\n		<tr>\r\n			<td style=\"background-color:#efeff1; height:19px; text-align:left; vertical-align:top\">\r\n			<p><strong>Bảo H&agrave;nh Quốc Tế</strong></p>\r\n			</td>\r\n			\r\n			<td style=\"background-color:#efeff1; height:19px; text-align:left; vertical-align:top\">\r\n			<p>1 Năm</p>\r\n			</td>\r\n		</tr>\r\n		<tr>\r\n			<td style=\"background-color:#efeff1; height:19px; text-align:left; vertical-align:top\">\r\n			<p><strong>Đường K&iacute;nh Mặt Số</strong></p>\r\n			</td>\r\n			\r\n			<td style=\"background-color:#efeff1; height:19px; text-align:left; vertical-align:top\">\r\n			<p>41.6 mm</p>\r\n			</td>\r\n		</tr>\r\n		<tr>\r\n			<td style=\"background-color:#ffffff; height:19px; text-align:left; vertical-align:top\">\r\n			<p><strong>Bề D&agrave;y Mặt Số</strong></p>\r\n			</td>\r\n			\r\n			<td style=\"background-color:#ffffff; text-align:left; vertical-align:top; width:519px\">\r\n			<p>12.1 mm</p>\r\n			</td>\r\n		</tr>\r\n		<tr>\r\n			<td style=\"background-color:#efeff1; height:19px; text-align:left; vertical-align:top\">\r\n			<p><strong>Niềng</strong></p>\r\n			</td>\r\n			\r\n			<td style=\"background-color:#efeff1; height:19px; text-align:left; vertical-align:top\">\r\n			<p>Th&eacute;p Kh&ocirc;ng Gỉ</p>\r\n			</td>\r\n		</tr>\r\n		<tr>\r\n			<td style=\"background-color:#ffffff; height:19px; text-align:left; vertical-align:top\">\r\n			<p><strong>D&acirc;y Đeo</strong></p>\r\n			</td>\r\n			\r\n			<td style=\"background-color:#ffffff; text-align:left; vertical-align:top; width:519px\">\r\n			<p>D&acirc;y Da Ch&iacute;nh H&atilde;ng</p>\r\n			</td>\r\n		</tr>\r\n		<tr>\r\n			<td style=\"background-color:#efeff1; height:19px; text-align:left; vertical-align:top\">\r\n			<p><strong>M&agrave;u Mặt Số</strong></p>\r\n			</td>\r\n			\r\n			<td style=\"background-color:#efeff1; height:19px; text-align:left; vertical-align:top\">Xanh</td>\r\n		</tr>\r\n		<tr>\r\n			<td style=\"background-color:#ffffff; height:19px; text-align:left; vertical-align:top\">\r\n			<p><strong>Chống Nước</strong></p>\r\n			</td>\r\n			\r\n			<td style=\"background-color:#ffffff; text-align:left; vertical-align:top; width:519px\">\r\n			<p>10 ATM</p>\r\n			</td>\r\n		</tr>\r\n		<tr>\r\n			<td style=\"background-color:#efeff1; height:19px; text-align:left; vertical-align:top\">\r\n			<p><strong>Chức Năng</strong></p>\r\n			</td>\r\n			\r\n			<td style=\"background-color:#efeff1; height:19px; text-align:left; vertical-align:top\">\r\n			<p>Lịch Ng&agrave;y</p>\r\n			</td>\r\n		</tr>\r\n	</tbody>\r\n</table>\r\n', '292_SRPB65J1-699x699.jpg', 1),
(87, 33, 'SEIKO SSB315P1 – NAM – QUARTZ (PIN) – DÂY VẢI', 6140000, '<p>Thời trang đầy mạnh mẽ với mẫu Seiko SSB315P1 c&ugrave;ng thiết kế d&acirc;y đeo chất liệu d&acirc;y vải kết hợp phong c&aacute;ch thể thao kiểu d&aacute;ng đồng hồ 6 kim c&ugrave;ng chức năng đo thời gian Chronograph.</p>\r\n\r\n<table cellspacing=\"0\" style=\"border-collapse:collapse; width:431px\">\r\n	<tbody>\r\n		<tr>\r\n			<td style=\"background-color:#efeff1; height:19px; text-align:left; vertical-align:top; width:180px\">\r\n			<p><strong>Thương Hiệu</strong></p>\r\n			</td>\r\n			\r\n			<td style=\"background-color:#efeff1; height:19px; text-align:left; vertical-align:top; width:180px\">\r\n			<p>Seiko</p>\r\n			</td>\r\n		</tr>\r\n		<tr>\r\n			<td style=\"background-color:#ffffff; height:19px; text-align:left; vertical-align:top\">\r\n			<p><strong>Số Hiệu Sản Phẩm</strong></p>\r\n			</td>\r\n			\r\n			<td style=\"background-color:#ffffff; text-align:left; vertical-align:top; width:519px\">SSB315P1</td>\r\n		</tr>\r\n		<tr>\r\n			<td style=\"background-color:#efeff1; height:19px; text-align:left; vertical-align:top\">\r\n			<p><strong>Xuất Xứ</strong></p>\r\n			</td>\r\n			\r\n			<td style=\"background-color:#efeff1; height:19px; text-align:left; vertical-align:top\">\r\n			<p>Nhật Bản</p>\r\n			</td>\r\n		</tr>\r\n		<tr>\r\n			<td style=\"background-color:#ffffff; height:19px; text-align:left; vertical-align:top\">\r\n			<p><strong>Giới T&iacute;nh</strong></p>\r\n			</td>\r\n			\r\n			<td style=\"background-color:#ffffff; text-align:left; vertical-align:top; width:519px\">\r\n			<p>Nam</p>\r\n			</td>\r\n		</tr>\r\n		<tr>\r\n			<td style=\"background-color:#efeff1; height:19px; text-align:left; vertical-align:top\">\r\n			<p><strong>K&iacute;nh</strong></p>\r\n			</td>\r\n			\r\n			<td style=\"background-color:#efeff1; height:19px; text-align:left; vertical-align:top\">\r\n			<p>Hardlex Crystal (K&iacute;nh Cứng)</p>\r\n			</td>\r\n		</tr>\r\n		<tr>\r\n			<td style=\"background-color:#ffffff; height:19px; text-align:left; vertical-align:top\">\r\n			<p><strong>M&aacute;y</strong></p>\r\n			</td>\r\n			\r\n			<td style=\"background-color:#ffffff; text-align:left; vertical-align:top; width:519px\">\r\n			<p>Quartz (Pin)</p>\r\n			</td>\r\n		</tr>\r\n		<tr>\r\n			<td style=\"background-color:#efeff1; height:19px; text-align:left; vertical-align:top\">\r\n			<p><strong>Bảo H&agrave;nh Quốc Tế</strong></p>\r\n			</td>\r\n			\r\n			<td style=\"background-color:#efeff1; height:19px; text-align:left; vertical-align:top\">\r\n			<p>1 Năm</p>\r\n			</td>\r\n		</tr>\r\n		<tr>\r\n			<td style=\"background-color:#efeff1; height:19px; text-align:left; vertical-align:top\">\r\n			<p><strong>Đường K&iacute;nh Mặt Số</strong></p>\r\n			</td>\r\n			\r\n			<td style=\"background-color:#efeff1; height:19px; text-align:left; vertical-align:top\">\r\n			<p>42 mm</p>\r\n			</td>\r\n		</tr>\r\n		<tr>\r\n			<td style=\"background-color:#ffffff; height:19px; text-align:left; vertical-align:top\">\r\n			<p><strong>Bề D&agrave;y Mặt Số</strong></p>\r\n			</td>\r\n			\r\n			<td style=\"background-color:#ffffff; text-align:left; vertical-align:top; width:519px\">\r\n			<p>14 mm</p>\r\n			</td>\r\n		</tr>\r\n		<tr>\r\n			<td style=\"background-color:#efeff1; height:19px; text-align:left; vertical-align:top\">\r\n			<p><strong>Niềng</strong></p>\r\n			</td>\r\n			\r\n			<td style=\"background-color:#efeff1; height:19px; text-align:left; vertical-align:top\">\r\n			<p>Th&eacute;p Kh&ocirc;ng Gỉ</p>\r\n			</td>\r\n		</tr>\r\n		<tr>\r\n			<td style=\"background-color:#ffffff; height:19px; text-align:left; vertical-align:top\">\r\n			<p><strong>D&acirc;y Đeo</strong></p>\r\n			</td>\r\n			\r\n			<td style=\"background-color:#ffffff; text-align:left; vertical-align:top; width:519px\">\r\n			<p>D&acirc;y Vải</p>\r\n			</td>\r\n		</tr>\r\n		<tr>\r\n			<td style=\"background-color:#efeff1; height:19px; text-align:left; vertical-align:top\">\r\n			<p><strong>M&agrave;u Mặt Số</strong></p>\r\n			</td>\r\n			\r\n			<td style=\"background-color:#efeff1; height:19px; text-align:left; vertical-align:top\">\r\n			<p>Đen</p>\r\n			</td>\r\n		</tr>\r\n		<tr>\r\n			<td style=\"background-color:#ffffff; height:19px; text-align:left; vertical-align:top\">\r\n			<p><strong>Chống Nước</strong></p>\r\n			</td>\r\n			\r\n			<td style=\"background-color:#ffffff; text-align:left; vertical-align:top; width:519px\">\r\n			<p>10 ATM</p>\r\n			</td>\r\n		</tr>\r\n		<tr>\r\n			<td style=\"background-color:#efeff1; height:19px; text-align:left; vertical-align:top\">\r\n			<p><strong>Chức Năng</strong></p>\r\n			</td>\r\n			\r\n			<td style=\"background-color:#efeff1; height:19px; text-align:left; vertical-align:top\">\r\n			<p>Lịch Ng&agrave;y &ndash; Chronograph</p>\r\n			</td>\r\n		</tr>\r\n	</tbody>\r\n</table>\r\n\r\n<p>&nbsp;</p>\r\n\r\n<p>&nbsp;</p>\r\n', '137_SSB315P1-699x699.jpg', 1),
(88, 22, 'TISSOT T109.610.36.051.00 – NAM – KÍNH SAPPHIRE – QUARTZ (PIN) – DÂY DA', 7310000, '<p>Mẫu Tissot T109.610.36.051.00 kho&aacute;c l&ecirc;n m&igrave;nh vẻ ngo&agrave;i của chiếc đồng hồ 3 kim cho ph&aacute;i nam với phong c&aacute;ch giản dị, c&aacute;c chi tiết đồng hồ được tạo h&igrave;nh mỏng tinh tế được phủ t&ocirc;ng v&agrave;ng hồng trẻ trung đầy sang trọng</p>\r\n\r\n<table cellspacing=\"0\" style=\"border-collapse:collapse; width:431px\">\r\n	<tbody>\r\n		<tr>\r\n			<td style=\"background-color:#efeff1; height:19px; text-align:left; vertical-align:top; width:180px\">\r\n			<p><strong>Thương Hiệu</strong></p>\r\n			</td>\r\n			\r\n			<td style=\"background-color:#efeff1; height:19px; text-align:left; vertical-align:top; width:180px\">\r\n			<p>Tissot</p>\r\n			</td>\r\n		</tr>\r\n		<tr>\r\n			<td style=\"background-color:#ffffff; height:19px; text-align:left; vertical-align:top\">\r\n			<p><strong>Số Hiệu Sản Phẩm</strong></p>\r\n			</td>\r\n			\r\n			<td style=\"background-color:#ffffff; text-align:left; vertical-align:top; width:519px\">T109.610.36.051.00</td>\r\n		</tr>\r\n		<tr>\r\n			<td style=\"background-color:#efeff1; height:19px; text-align:left; vertical-align:top\">\r\n			<p><strong>Xuất Xứ</strong></p>\r\n			</td>\r\n			\r\n			<td style=\"background-color:#efeff1; height:19px; text-align:left; vertical-align:top\">\r\n			<p>Thụy Sỹ</p>\r\n			</td>\r\n		</tr>\r\n		<tr>\r\n			<td style=\"background-color:#ffffff; height:19px; text-align:left; vertical-align:top\">\r\n			<p><strong>Giới T&iacute;nh</strong></p>\r\n			</td>\r\n			\r\n			<td style=\"background-color:#ffffff; text-align:left; vertical-align:top; width:519px\">\r\n			<p>Nam</p>\r\n			</td>\r\n		</tr>\r\n		<tr>\r\n			<td style=\"background-color:#efeff1; height:19px; text-align:left; vertical-align:top\">\r\n			<p><strong>K&iacute;nh</strong></p>\r\n			</td>\r\n			\r\n			<td style=\"background-color:#efeff1; height:19px; text-align:left; vertical-align:top\">\r\n			<p>Sapphire (K&iacute;nh Chống Trầy)</p>\r\n			</td>\r\n		</tr>\r\n		<tr>\r\n			<td style=\"background-color:#ffffff; height:19px; text-align:left; vertical-align:top\">\r\n			<p><strong>M&aacute;y</strong></p>\r\n			</td>\r\n			\r\n			<td style=\"background-color:#ffffff; text-align:left; vertical-align:top; width:519px\">\r\n			<p>Quartz (Pin)</p>\r\n			</td>\r\n		</tr>\r\n		<tr>\r\n			<td style=\"background-color:#efeff1; height:19px; text-align:left; vertical-align:top\">\r\n			<p><strong>Bảo H&agrave;nh Quốc Tế</strong></p>\r\n			</td>\r\n			\r\n			<td style=\"background-color:#efeff1; height:19px; text-align:left; vertical-align:top\">\r\n			<p>2 Năm</p>\r\n			</td>\r\n		</tr>\r\n		<tr>\r\n			<td style=\"background-color:#efeff1; height:19px; text-align:left; vertical-align:top\">\r\n			<p><strong>Đường K&iacute;nh Mặt Số</strong></p>\r\n			</td>\r\n			\r\n			<td style=\"background-color:#efeff1; height:19px; text-align:left; vertical-align:top\">\r\n			<p>42 mm</p>\r\n			</td>\r\n		</tr>\r\n		<tr>\r\n			<td style=\"background-color:#ffffff; height:19px; text-align:left; vertical-align:top\">\r\n			<p><strong>Bề D&agrave;y Mặt Số</strong></p>\r\n			</td>\r\n			\r\n			<td style=\"background-color:#ffffff; text-align:left; vertical-align:top; width:519px\">\r\n			<p>6.5 mm</p>\r\n			</td>\r\n		</tr>\r\n		<tr>\r\n			<td style=\"background-color:#efeff1; height:19px; text-align:left; vertical-align:top\">\r\n			<p><strong>Niềng</strong></p>\r\n			</td>\r\n			\r\n			<td style=\"background-color:#efeff1; height:19px; text-align:left; vertical-align:top\">\r\n			<p>Th&eacute;p Kh&ocirc;ng Gỉ</p>\r\n			</td>\r\n		</tr>\r\n		<tr>\r\n			<td style=\"background-color:#ffffff; height:19px; text-align:left; vertical-align:top\">\r\n			<p><strong>D&acirc;y Đeo</strong></p>\r\n			</td>\r\n			\r\n			<td style=\"background-color:#ffffff; text-align:left; vertical-align:top; width:519px\">\r\n			<p>D&acirc;y Da Ch&iacute;nh H&atilde;ng</p>\r\n			</td>\r\n		</tr>\r\n		<tr>\r\n			<td style=\"background-color:#efeff1; height:19px; text-align:left; vertical-align:top\">\r\n			<p><strong>M&agrave;u Mặt Số</strong></p>\r\n			</td>\r\n			\r\n			<td style=\"background-color:#efeff1; height:19px; text-align:left; vertical-align:top\">\r\n			<p>Đen</p>\r\n			</td>\r\n		</tr>\r\n		<tr>\r\n			<td style=\"background-color:#ffffff; height:19px; text-align:left; vertical-align:top\">\r\n			<p><strong>Chống Nước</strong></p>\r\n			</td>\r\n			\r\n			<td style=\"background-color:#ffffff; text-align:left; vertical-align:top; width:519px\">\r\n			<p>3 ATM</p>\r\n			</td>\r\n		</tr>\r\n	</tbody>\r\n</table>\r\n', 'TISSOT-T109.610.36.051.00-0-699x699.jpg', 1),
(89, 22, 'TISSOT T109.210.11.031.00 – NỮ – KÍNH SAPPHIRE – QUARTZ (PIN) – DÂY KIM LOẠI', 6480000, '<p>Mẫu đồng hồ Tissot T109.210.11.031.00 thiết kế d&agrave;nh cho nữ với phong c&aacute;ch nhẹ nh&agrave;ng, kim chỉ v&agrave; vạch số được thiết kế thanh mảnh nữ t&iacute;nh, c&ugrave;ng với d&acirc;y đeo kim loại dang lưới tạo n&ecirc;n vẻ đẹp thời trang cho c&aacute;c ph&aacute;i nữ.</p>\r\n\r\n<table cellspacing=\"0\" style=\"border-collapse:collapse; width:431px\">\r\n	<tbody>\r\n		<tr>\r\n			<td style=\"background-color:#efeff1; height:19px; text-align:left; vertical-align:top; width:180px\">\r\n			<p><strong>Thương Hiệu</strong></p>\r\n			</td>\r\n			\r\n			<td style=\"background-color:#efeff1; height:19px; text-align:left; vertical-align:top; width:180px\">\r\n			<p>Tissot</p>\r\n			</td>\r\n		</tr>\r\n		<tr>\r\n			<td style=\"background-color:#ffffff; height:19px; text-align:left; vertical-align:top\">\r\n			<p><strong>Số Hiệu Sản Phẩm</strong></p>\r\n			</td>\r\n			\r\n			<td style=\"background-color:#ffffff; text-align:left; vertical-align:top; width:519px\">T109.210.11.031.00</td>\r\n		</tr>\r\n		<tr>\r\n			<td style=\"background-color:#efeff1; height:19px; text-align:left; vertical-align:top\">\r\n			<p><strong>Xuất Xứ</strong></p>\r\n			</td>\r\n			\r\n			<td style=\"background-color:#efeff1; height:19px; text-align:left; vertical-align:top\">\r\n			<p>Thụy Sỹ</p>\r\n			</td>\r\n		</tr>\r\n		<tr>\r\n			<td style=\"background-color:#ffffff; height:19px; text-align:left; vertical-align:top\">\r\n			<p><strong>Giới T&iacute;nh</strong></p>\r\n			</td>\r\n			\r\n			<td style=\"background-color:#ffffff; text-align:left; vertical-align:top; width:519px\">\r\n			<p>Nữ</p>\r\n			</td>\r\n		</tr>\r\n		<tr>\r\n			<td style=\"background-color:#efeff1; height:19px; text-align:left; vertical-align:top\">\r\n			<p><strong>K&iacute;nh</strong></p>\r\n			</td>\r\n			\r\n			<td style=\"background-color:#efeff1; height:19px; text-align:left; vertical-align:top\">\r\n			<p>Sapphire (K&iacute;nh Chống Trầy)</p>\r\n			</td>\r\n		</tr>\r\n		<tr>\r\n			<td style=\"background-color:#ffffff; height:19px; text-align:left; vertical-align:top\">\r\n			<p><strong>M&aacute;y</strong></p>\r\n			</td>\r\n			\r\n			<td style=\"background-color:#ffffff; text-align:left; vertical-align:top; width:519px\">\r\n			<p>Quartz (Pin)</p>\r\n			</td>\r\n		</tr>\r\n		<tr>\r\n			<td style=\"background-color:#efeff1; height:19px; text-align:left; vertical-align:top\">\r\n			<p><strong>Bảo H&agrave;nh Quốc Tế</strong></p>\r\n			</td>\r\n			\r\n			<td style=\"background-color:#efeff1; height:19px; text-align:left; vertical-align:top\">\r\n			<p>2 Năm</p>\r\n			</td>\r\n		</tr>\r\n		<tr>\r\n			<td style=\"background-color:#efeff1; height:19px; text-align:left; vertical-align:top\">\r\n			<p><strong>Đường K&iacute;nh Mặt Số</strong></p>\r\n			</td>\r\n			\r\n			<td style=\"background-color:#efeff1; height:19px; text-align:left; vertical-align:top\">27.2 mm</td>\r\n		</tr>\r\n		<tr>\r\n			<td style=\"background-color:#ffffff; height:19px; text-align:left; vertical-align:top\">\r\n			<p><strong>Bề D&agrave;y Mặt Số</strong></p>\r\n			</td>\r\n			\r\n			<td style=\"background-color:#ffffff; text-align:left; vertical-align:top; width:519px\">6.15 mm</td>\r\n		</tr>\r\n		<tr>\r\n			<td style=\"background-color:#efeff1; height:19px; text-align:left; vertical-align:top\">\r\n			<p><strong>Niềng</strong></p>\r\n			</td>\r\n			\r\n			<td style=\"background-color:#efeff1; height:19px; text-align:left; vertical-align:top\">\r\n			<p>Th&eacute;p Kh&ocirc;ng Gỉ</p>\r\n			</td>\r\n		</tr>\r\n		<tr>\r\n			<td style=\"background-color:#ffffff; height:19px; text-align:left; vertical-align:top\">\r\n			<p><strong>D&acirc;y Đeo</strong></p>\r\n			</td>\r\n			\r\n			<td style=\"background-color:#ffffff; text-align:left; vertical-align:top; width:519px\">\r\n			<p>Th&eacute;p Kh&ocirc;ng Gỉ</p>\r\n			</td>\r\n		</tr>\r\n		<tr>\r\n			<td style=\"background-color:#efeff1; height:19px; text-align:left; vertical-align:top\">\r\n			<p><strong>M&agrave;u Mặt Số</strong></p>\r\n			</td>\r\n			\r\n			<td style=\"background-color:#efeff1; height:19px; text-align:left; vertical-align:top\">Trắng</td>\r\n		</tr>\r\n		<tr>\r\n			<td style=\"background-color:#ffffff; height:19px; text-align:left; vertical-align:top\">\r\n			<p><strong>Chống Nước</strong></p>\r\n			</td>\r\n			\r\n			<td style=\"background-color:#ffffff; text-align:left; vertical-align:top; width:519px\">\r\n			<p>3 ATM</p>\r\n			</td>\r\n		</tr>\r\n	</tbody>\r\n</table>\r\n', '74_T109.210.11.031.00-699x699.jpg', 1),
(90, 22, 'TISSOT T063.617.36.037.00 – NAM – KÍNH SAPPHIRE – QUARTZ (PIN) – DÂY DA', 14060000, '<p>Đồng hồ Tissot T063.617.36.037.00 c&oacute; niềng kim loại bo tr&ograve;n tinh tế quanh nền số m&agrave;u trắng trang nh&atilde;, kim chỉ v&agrave; vạch số được d&aacute;t mỏng tinh tế, d&acirc;y đeo da m&agrave;u n&acirc;u c&oacute; v&acirc;n đem lại phong c&aacute;ch thời trang mang vẻ lịch l&atilde;m, nam t&iacute;nh.</p>\r\n\r\n<table cellspacing=\"0\" style=\"border-collapse:collapse; width:431px\">\r\n	<tbody>\r\n		<tr>\r\n			<td style=\"background-color:#efeff1; height:19px; text-align:left; vertical-align:top; width:180px\">\r\n			<p><strong>Thương Hiệu</strong></p>\r\n			</td>\r\n			\r\n			<td style=\"background-color:#efeff1; height:19px; text-align:left; vertical-align:top; width:180px\">\r\n			<p>Tissot</p>\r\n			</td>\r\n		</tr>\r\n		<tr>\r\n			<td style=\"background-color:#ffffff; height:19px; text-align:left; vertical-align:top\">\r\n			<p><strong>Số Hiệu Sản Phẩm</strong></p>\r\n			</td>\r\n			\r\n			<td style=\"background-color:#ffffff; text-align:left; vertical-align:top; width:519px\">\r\n			<p>T063.617.36.037.00</p>\r\n			</td>\r\n		</tr>\r\n		<tr>\r\n			<td style=\"background-color:#efeff1; height:19px; text-align:left; vertical-align:top\">\r\n			<p><strong>Xuất Xứ</strong></p>\r\n			</td>\r\n			\r\n			<td style=\"background-color:#efeff1; height:19px; text-align:left; vertical-align:top\">\r\n			<p>Thụy Sỹ</p>\r\n			</td>\r\n		</tr>\r\n		<tr>\r\n			<td style=\"background-color:#ffffff; height:19px; text-align:left; vertical-align:top\">\r\n			<p><strong>Giới T&iacute;nh</strong></p>\r\n			</td>\r\n			\r\n			<td style=\"background-color:#ffffff; text-align:left; vertical-align:top; width:519px\">\r\n			<p>Nam</p>\r\n			</td>\r\n		</tr>\r\n		<tr>\r\n			<td style=\"background-color:#efeff1; height:19px; text-align:left; vertical-align:top\">\r\n			<p><strong>K&iacute;nh</strong></p>\r\n			</td>\r\n			\r\n			<td style=\"background-color:#efeff1; height:19px; text-align:left; vertical-align:top\">\r\n			<p>Sapphire (K&iacute;nh Chống Trầy)</p>\r\n			</td>\r\n		</tr>\r\n		<tr>\r\n			<td style=\"background-color:#ffffff; height:19px; text-align:left; vertical-align:top\">\r\n			<p><strong>M&aacute;y</strong></p>\r\n			</td>\r\n			\r\n			<td style=\"background-color:#ffffff; text-align:left; vertical-align:top; width:519px\">\r\n			<p>Quartz (Pin)</p>\r\n			</td>\r\n		</tr>\r\n		<tr>\r\n			<td style=\"background-color:#efeff1; height:19px; text-align:left; vertical-align:top\">\r\n			<p><strong>Bảo H&agrave;nh Quốc Tế</strong></p>\r\n			</td>\r\n			\r\n			<td style=\"background-color:#efeff1; height:19px; text-align:left; vertical-align:top\">\r\n			<p>2 Năm</p>\r\n			</td>\r\n		</tr>\r\n		<tr>\r\n			<td style=\"background-color:#efeff1; height:19px; text-align:left; vertical-align:top\">\r\n			<p><strong>Đường K&iacute;nh Mặt Số</strong></p>\r\n			</td>\r\n			\r\n			<td style=\"background-color:#efeff1; height:19px; text-align:left; vertical-align:top\">42 mm</td>\r\n		</tr>\r\n		<tr>\r\n			<td style=\"background-color:#ffffff; height:19px; text-align:left; vertical-align:top\">\r\n			<p><strong>Bề D&agrave;y Mặt Số</strong></p>\r\n			</td>\r\n			\r\n			<td style=\"background-color:#ffffff; text-align:left; vertical-align:top; width:519px\">11.07 mm</td>\r\n		</tr>\r\n		<tr>\r\n			<td style=\"background-color:#efeff1; height:19px; text-align:left; vertical-align:top\">\r\n			<p><strong>Niềng</strong></p>\r\n			</td>\r\n			\r\n			<td style=\"background-color:#efeff1; height:19px; text-align:left; vertical-align:top\">\r\n			<p>Th&eacute;p Kh&ocirc;ng Gỉ</p>\r\n			</td>\r\n		</tr>\r\n		<tr>\r\n			<td style=\"background-color:#ffffff; height:19px; text-align:left; vertical-align:top\">\r\n			<p><strong>D&acirc;y Đeo</strong></p>\r\n			</td>\r\n			\r\n			<td style=\"background-color:#ffffff; text-align:left; vertical-align:top; width:519px\">\r\n			<p>D&acirc;y Da Ch&iacute;nh H&atilde;ng</p>\r\n			</td>\r\n		</tr>\r\n		<tr>\r\n			<td style=\"background-color:#efeff1; height:19px; text-align:left; vertical-align:top\">\r\n			<p><strong>M&agrave;u Mặt Số</strong></p>\r\n			</td>\r\n			\r\n			<td style=\"background-color:#efeff1; height:19px; text-align:left; vertical-align:top\">\r\n			<p>Trắng</p>\r\n			</td>\r\n		</tr>\r\n		<tr>\r\n			<td style=\"background-color:#ffffff; height:19px; text-align:left; vertical-align:top\">\r\n			<p><strong>Chống Nước</strong></p>\r\n			</td>\r\n			\r\n			<td style=\"background-color:#ffffff; text-align:left; vertical-align:top; width:519px\">\r\n			<p>3 ATM</p>\r\n			</td>\r\n		</tr>\r\n		<tr>\r\n			<td style=\"background-color:#efeff1; height:19px; text-align:left; vertical-align:top\">\r\n			<p><strong>Chức Năng</strong></p>\r\n			</td>\r\n			\r\n			<td style=\"background-color:#efeff1; height:19px; text-align:left; vertical-align:top\">\r\n			<p>Lịch Ng&agrave;y &ndash; Chronograph</p>\r\n			</td>\r\n		</tr>\r\n	</tbody>\r\n</table>\r\n', '258_T063.617.36.037.00-699x699.jpg', 1),
(91, 22, 'TISSOT T063.409.11.018.00 – NAM – KÍNH SAPPHIRE – QUARTZ (PIN) – DÂY KIM LOẠI', 10980000, '<p>Mẫu Tissot T063.409.11.018.00 thiết kế phong c&aacute;ch trẻ trung với phần vỏ m&aacute;y pin độ d&agrave;y chỉ 5mm, kết hợp c&ugrave;ng nền cọc số la m&atilde; kiểu d&aacute;ng mỏng thời trang trước nền k&iacute;nh Sapphire.</p>\r\n\r\n<table cellspacing=\"0\" style=\"border-collapse:collapse; width:431px\">\r\n	<tbody>\r\n		<tr>\r\n			<td style=\"background-color:#efeff1; height:19px; text-align:left; vertical-align:top; width:180px\">\r\n			<p><strong>Thương Hiệu</strong></p>\r\n			</td>\r\n			\r\n			<td style=\"background-color:#efeff1; height:19px; text-align:left; vertical-align:top; width:180px\">\r\n			<p>Tissot</p>\r\n			</td>\r\n		</tr>\r\n		<tr>\r\n			<td style=\"background-color:#ffffff; height:19px; text-align:left; vertical-align:top\">\r\n			<p><strong>Số Hiệu Sản Phẩm</strong></p>\r\n			</td>\r\n			\r\n			<td style=\"background-color:#ffffff; text-align:left; vertical-align:top; width:519px\">T063.409.11.018.00</td>\r\n		</tr>\r\n		<tr>\r\n			<td style=\"background-color:#efeff1; height:19px; text-align:left; vertical-align:top\">\r\n			<p><strong>Xuất Xứ</strong></p>\r\n			</td>\r\n			\r\n			<td style=\"background-color:#efeff1; height:19px; text-align:left; vertical-align:top\">\r\n			<p>Thụy Sỹ</p>\r\n			</td>\r\n		</tr>\r\n		<tr>\r\n			<td style=\"background-color:#ffffff; height:19px; text-align:left; vertical-align:top\">\r\n			<p><strong>Giới T&iacute;nh</strong></p>\r\n			</td>\r\n			\r\n			<td style=\"background-color:#ffffff; text-align:left; vertical-align:top; width:519px\">\r\n			<p>Nam</p>\r\n			</td>\r\n		</tr>\r\n		<tr>\r\n			<td style=\"background-color:#efeff1; height:19px; text-align:left; vertical-align:top\">\r\n			<p><strong>K&iacute;nh</strong></p>\r\n			</td>\r\n			\r\n			<td style=\"background-color:#efeff1; height:19px; text-align:left; vertical-align:top\">\r\n			<p>Sapphire (K&iacute;nh Chống Trầy)</p>\r\n			</td>\r\n		</tr>\r\n		<tr>\r\n			<td style=\"background-color:#ffffff; height:19px; text-align:left; vertical-align:top\">\r\n			<p><strong>M&aacute;y</strong></p>\r\n			</td>\r\n			\r\n			<td style=\"background-color:#ffffff; text-align:left; vertical-align:top; width:519px\">\r\n			<p>Quartz (Pin)</p>\r\n			</td>\r\n		</tr>\r\n		<tr>\r\n			<td style=\"background-color:#efeff1; height:19px; text-align:left; vertical-align:top\">\r\n			<p><strong>Bảo H&agrave;nh Quốc Tế</strong></p>\r\n			</td>\r\n			\r\n			<td style=\"background-color:#efeff1; height:19px; text-align:left; vertical-align:top\">\r\n			<p>2 Năm</p>\r\n			</td>\r\n		</tr>\r\n		<tr>\r\n			<td style=\"background-color:#efeff1; height:19px; text-align:left; vertical-align:top\">\r\n			<p><strong>Đường K&iacute;nh Mặt Số</strong></p>\r\n			</td>\r\n			\r\n			<td style=\"background-color:#efeff1; height:19px; text-align:left; vertical-align:top\">\r\n			<p>39 mm</p>\r\n			</td>\r\n		</tr>\r\n		<tr>\r\n			<td style=\"background-color:#ffffff; height:19px; text-align:left; vertical-align:top\">\r\n			<p><strong>Bề D&agrave;y Mặt Số</strong></p>\r\n			</td>\r\n			\r\n			<td style=\"background-color:#ffffff; text-align:left; vertical-align:top; width:519px\">\r\n			<p>5.2 mm</p>\r\n			</td>\r\n		</tr>\r\n		<tr>\r\n			<td style=\"background-color:#efeff1; height:19px; text-align:left; vertical-align:top\">\r\n			<p><strong>Niềng</strong></p>\r\n			</td>\r\n			\r\n			<td style=\"background-color:#efeff1; height:19px; text-align:left; vertical-align:top\">\r\n			<p>Th&eacute;p Kh&ocirc;ng Gỉ</p>\r\n			</td>\r\n		</tr>\r\n		<tr>\r\n			<td style=\"background-color:#ffffff; height:19px; text-align:left; vertical-align:top\">\r\n			<p><strong>D&acirc;y Đeo</strong></p>\r\n			</td>\r\n			\r\n			<td style=\"background-color:#ffffff; text-align:left; vertical-align:top; width:519px\">\r\n			<p>Th&eacute;p Kh&ocirc;ng Gỉ</p>\r\n			</td>\r\n		</tr>\r\n		<tr>\r\n			<td style=\"background-color:#efeff1; height:19px; text-align:left; vertical-align:top\">\r\n			<p><strong>M&agrave;u Mặt Số</strong></p>\r\n			</td>\r\n			\r\n			<td style=\"background-color:#efeff1; height:19px; text-align:left; vertical-align:top\">\r\n			<p>Trắng</p>\r\n			</td>\r\n		</tr>\r\n		<tr>\r\n			<td style=\"background-color:#ffffff; height:19px; text-align:left; vertical-align:top\">\r\n			<p><strong>Chống Nước</strong></p>\r\n			</td>\r\n			\r\n			<td style=\"background-color:#ffffff; text-align:left; vertical-align:top; width:519px\">\r\n			<p>3 ATM</p>\r\n			</td>\r\n		</tr>\r\n	</tbody>\r\n</table>\r\n\r\n<p>&nbsp;</p>\r\n', '18_T063.409.11.018.00-699x699.jpg', 1),
(92, 22, 'TISSOT T055.430.16.017.00 – NAM – KÍNH SAPPHIRE – AUTOMATIC (TỰ ĐỘNG) – DÂY DA', 18830000, '<p>Đồng hồ Tissot T055.430.16.017.00 với mặt đồng hồ lớn nền trắng, c&ugrave;ng kim chỉ v&agrave; gạch số được chế t&aacute;c chi tiết, mang phong c&aacute;ch thể thao mạnh mẽ, kết hợp n&eacute;t cổ điển của d&acirc;y đeo da m&agrave;u n&acirc;u.</p>\r\n\r\n<table cellspacing=\"0\" style=\"border-collapse:collapse; width:431px\">\r\n	<tbody>\r\n		<tr>\r\n			<td style=\"background-color:#efeff1; height:19px; text-align:left; vertical-align:top; width:180px\">\r\n			<p><strong>Thương Hiệu</strong></p>\r\n			</td>\r\n			\r\n			<td style=\"background-color:#efeff1; height:19px; text-align:left; vertical-align:top; width:180px\">\r\n			<p>Tissot</p>\r\n			</td>\r\n		</tr>\r\n		<tr>\r\n			<td style=\"background-color:#ffffff; height:19px; text-align:left; vertical-align:top\">\r\n			<p><strong>Số Hiệu Sản Phẩm</strong></p>\r\n			</td>\r\n			\r\n			<td style=\"background-color:#ffffff; text-align:left; vertical-align:top; width:519px\">\r\n			<p>T055.430.16.017.00</p>\r\n			</td>\r\n		</tr>\r\n		<tr>\r\n			<td style=\"background-color:#efeff1; height:19px; text-align:left; vertical-align:top\">\r\n			<p><strong>Xuất Xứ</strong></p>\r\n			</td>\r\n			\r\n			<td style=\"background-color:#efeff1; height:19px; text-align:left; vertical-align:top\">\r\n			<p>Thụy Sỹ</p>\r\n			</td>\r\n		</tr>\r\n		<tr>\r\n			<td style=\"background-color:#ffffff; height:19px; text-align:left; vertical-align:top\">\r\n			<p><strong>Giới T&iacute;nh</strong></p>\r\n			</td>\r\n			\r\n			<td style=\"background-color:#ffffff; text-align:left; vertical-align:top; width:519px\">\r\n			<p>Nam</p>\r\n			</td>\r\n		</tr>\r\n		<tr>\r\n			<td style=\"background-color:#efeff1; height:19px; text-align:left; vertical-align:top\">\r\n			<p><strong>K&iacute;nh</strong></p>\r\n			</td>\r\n			\r\n			<td style=\"background-color:#efeff1; height:19px; text-align:left; vertical-align:top\">\r\n			<p>Sapphire (K&iacute;nh Chống Trầy)</p>\r\n			</td>\r\n		</tr>\r\n		<tr>\r\n			<td style=\"background-color:#ffffff; height:19px; text-align:left; vertical-align:top\">\r\n			<p><strong>M&aacute;y</strong></p>\r\n			</td>\r\n			\r\n			<td style=\"background-color:#ffffff; text-align:left; vertical-align:top; width:519px\">\r\n			<p>Automatic (Tự Động)</p>\r\n			</td>\r\n		</tr>\r\n		<tr>\r\n			<td style=\"background-color:#efeff1; height:19px; text-align:left; vertical-align:top\">\r\n			<p><strong>Bảo H&agrave;nh Quốc Tế</strong></p>\r\n			</td>\r\n			\r\n			<td style=\"background-color:#efeff1; height:19px; text-align:left; vertical-align:top\">\r\n			<p>2 Năm</p>\r\n			</td>\r\n		</tr>\r\n		<tr>\r\n			<td style=\"background-color:#efeff1; height:19px; text-align:left; vertical-align:top\">\r\n			<p><strong>Đường K&iacute;nh Mặt Số</strong></p>\r\n			</td>\r\n			\r\n			<td style=\"background-color:#efeff1; height:19px; text-align:left; vertical-align:top\">\r\n			<p>39 mm</p>\r\n			</td>\r\n		</tr>\r\n		<tr>\r\n			<td style=\"background-color:#ffffff; height:19px; text-align:left; vertical-align:top\">\r\n			<p><strong>Bề D&agrave;y Mặt Số</strong></p>\r\n			</td>\r\n			\r\n			<td style=\"background-color:#ffffff; text-align:left; vertical-align:top; width:519px\">11.9 mm</td>\r\n		</tr>\r\n		<tr>\r\n			<td style=\"background-color:#efeff1; height:19px; text-align:left; vertical-align:top\">\r\n			<p><strong>Niềng</strong></p>\r\n			</td>\r\n			\r\n			<td style=\"background-color:#efeff1; height:19px; text-align:left; vertical-align:top\">\r\n			<p>Th&eacute;p Kh&ocirc;ng Gỉ</p>\r\n			</td>\r\n		</tr>\r\n		<tr>\r\n			<td style=\"background-color:#ffffff; height:19px; text-align:left; vertical-align:top\">\r\n			<p><strong>D&acirc;y Đeo</strong></p>\r\n			</td>\r\n			\r\n			<td style=\"background-color:#ffffff; text-align:left; vertical-align:top; width:519px\">\r\n			<p>D&acirc;y Da Ch&iacute;nh H&atilde;ng</p>\r\n			</td>\r\n		</tr>\r\n		<tr>\r\n			<td style=\"background-color:#efeff1; height:19px; text-align:left; vertical-align:top\">\r\n			<p><strong>M&agrave;u Mặt Số</strong></p>\r\n			</td>\r\n			\r\n			<td style=\"background-color:#efeff1; height:19px; text-align:left; vertical-align:top\">\r\n			<p>Trắng</p>\r\n			</td>\r\n		</tr>\r\n		<tr>\r\n			<td style=\"background-color:#ffffff; height:19px; text-align:left; vertical-align:top\">\r\n			<p><strong>Chống Nước</strong></p>\r\n			</td>\r\n			\r\n			<td style=\"background-color:#ffffff; text-align:left; vertical-align:top; width:519px\">\r\n			<p>20 ATM</p>\r\n			</td>\r\n		</tr>\r\n		<tr>\r\n			<td style=\"background-color:#efeff1; height:19px; text-align:left; vertical-align:top\">\r\n			<p><strong>Chức Năng</strong></p>\r\n			</td>\r\n			\r\n			<td style=\"background-color:#efeff1; height:19px; text-align:left; vertical-align:top\">\r\n			<p>Lịch Ng&agrave;y &ndash; Lịch Thứ</p>\r\n			</td>\r\n		</tr>\r\n	</tbody>\r\n</table>\r\n', '29_T055.430.16.017.00-2-699x699.jpg', 1);
INSERT INTO `sanpham` (`sanpham_id`, `danhmuc_sanpham_id`, `ten_sanpham`, `gia`, `chitiet`, `hinh`, `trangthai`) VALUES
(93, 22, 'TISSOT T006.407.11.033.00 – NAM – KÍNH SAPPHIRE – AUTOMATIC (TỰ ĐỘNG) – DÂY KIM LOẠI', 17420000, '<p>Mẫu Tissot T006.407.11.033.00 với trải nghiệm bộ m&aacute;y cơ đầy mạnh mẽ d&agrave;nh cho ph&aacute;i nam, c&aacute;c chữ số được in theo phong c&aacute;ch chữ la m&atilde; đầy cổ điển tr&ecirc;n nền mặt số t&ocirc;ng m&agrave;u trắng caro đầy sang trọng.</p>\r\n\r\n<table cellspacing=\"0\" style=\"border-collapse:collapse; width:431px\">\r\n	<tbody>\r\n		<tr>\r\n			<td style=\"background-color:#efeff1; height:19px; text-align:left; vertical-align:top; width:180px\">\r\n			<p><strong>Thương Hiệu</strong></p>\r\n			</td>\r\n			\r\n			<td style=\"background-color:#efeff1; height:19px; text-align:left; vertical-align:top; width:180px\">\r\n			<p>Tissot</p>\r\n			</td>\r\n		</tr>\r\n		<tr>\r\n			<td style=\"background-color:#ffffff; height:19px; text-align:left; vertical-align:top\">\r\n			<p><strong>Số Hiệu Sản Phẩm</strong></p>\r\n			</td>\r\n			\r\n			<td style=\"background-color:#ffffff; text-align:left; vertical-align:top; width:519px\">T006.407.11.033.00</td>\r\n		</tr>\r\n		<tr>\r\n			<td style=\"background-color:#efeff1; height:19px; text-align:left; vertical-align:top\">\r\n			<p><strong>Xuất Xứ</strong></p>\r\n			</td>\r\n			\r\n			<td style=\"background-color:#efeff1; height:19px; text-align:left; vertical-align:top\">\r\n			<p>Thụy Sỹ</p>\r\n			</td>\r\n		</tr>\r\n		<tr>\r\n			<td style=\"background-color:#ffffff; height:19px; text-align:left; vertical-align:top\">\r\n			<p><strong>Giới T&iacute;nh</strong></p>\r\n			</td>\r\n			\r\n			<td style=\"background-color:#ffffff; text-align:left; vertical-align:top; width:519px\">\r\n			<p>Nam</p>\r\n			</td>\r\n		</tr>\r\n		<tr>\r\n			<td style=\"background-color:#efeff1; height:19px; text-align:left; vertical-align:top\">\r\n			<p><strong>K&iacute;nh</strong></p>\r\n			</td>\r\n			\r\n			<td style=\"background-color:#efeff1; height:19px; text-align:left; vertical-align:top\">\r\n			<p>Sapphire (K&iacute;nh Chống Trầy)</p>\r\n			</td>\r\n		</tr>\r\n		<tr>\r\n			<td style=\"background-color:#ffffff; height:19px; text-align:left; vertical-align:top\">\r\n			<p><strong>M&aacute;y</strong></p>\r\n			</td>\r\n			\r\n			<td style=\"background-color:#ffffff; text-align:left; vertical-align:top; width:519px\">\r\n			<p>Automatic (Tự Động)</p>\r\n			</td>\r\n		</tr>\r\n		<tr>\r\n			<td style=\"background-color:#efeff1; height:19px; text-align:left; vertical-align:top\">\r\n			<p><strong>Bảo H&agrave;nh Quốc Tế</strong></p>\r\n			</td>\r\n			\r\n			<td style=\"background-color:#efeff1; height:19px; text-align:left; vertical-align:top\">\r\n			<p>2 Năm</p>\r\n			</td>\r\n		</tr>\r\n		<tr>\r\n			<td style=\"background-color:#efeff1; height:19px; text-align:left; vertical-align:top\">\r\n			<p><strong>Đường K&iacute;nh Mặt Số</strong></p>\r\n			</td>\r\n			\r\n			<td style=\"background-color:#efeff1; height:19px; text-align:left; vertical-align:top\">\r\n			<p>39.3 mm</p>\r\n			</td>\r\n		</tr>\r\n		<tr>\r\n			<td style=\"background-color:#ffffff; height:19px; text-align:left; vertical-align:top\">\r\n			<p><strong>Bề D&agrave;y Mặt Số</strong></p>\r\n			</td>\r\n			\r\n			<td style=\"background-color:#ffffff; text-align:left; vertical-align:top; width:519px\">\r\n			<p>9.8 mm</p>\r\n			</td>\r\n		</tr>\r\n		<tr>\r\n			<td style=\"background-color:#efeff1; height:19px; text-align:left; vertical-align:top\">\r\n			<p><strong>Niềng</strong></p>\r\n			</td>\r\n			\r\n			<td style=\"background-color:#efeff1; height:19px; text-align:left; vertical-align:top\">\r\n			<p>Th&eacute;p Kh&ocirc;ng Gỉ</p>\r\n			</td>\r\n		</tr>\r\n		<tr>\r\n			<td style=\"background-color:#ffffff; height:19px; text-align:left; vertical-align:top\">\r\n			<p><strong>D&acirc;y Đeo</strong></p>\r\n			</td>\r\n			\r\n			<td style=\"background-color:#ffffff; text-align:left; vertical-align:top; width:519px\">\r\n			<p>Th&eacute;p Kh&ocirc;ng Gỉ</p>\r\n			</td>\r\n		</tr>\r\n		<tr>\r\n			<td style=\"background-color:#efeff1; height:19px; text-align:left; vertical-align:top\">\r\n			<p><strong>M&agrave;u Mặt Số</strong></p>\r\n			</td>\r\n			\r\n			<td style=\"background-color:#efeff1; height:19px; text-align:left; vertical-align:top\">\r\n			<p>Trắng</p>\r\n			</td>\r\n		</tr>\r\n		<tr>\r\n			<td style=\"background-color:#ffffff; height:19px; text-align:left; vertical-align:top\">\r\n			<p><strong>Chống Nước</strong></p>\r\n			</td>\r\n			\r\n			<td style=\"background-color:#ffffff; text-align:left; vertical-align:top; width:519px\">\r\n			<p>3 ATM</p>\r\n			</td>\r\n		</tr>\r\n		<tr>\r\n			<td style=\"background-color:#efeff1; height:19px; text-align:left; vertical-align:top\">\r\n			<p><strong>Chức Năng</strong></p>\r\n			</td>\r\n			\r\n			<td style=\"background-color:#efeff1; height:19px; text-align:left; vertical-align:top\">\r\n			<p>Lịch Ng&agrave;y</p>\r\n			</td>\r\n		</tr>\r\n	</tbody>\r\n</table>\r\n', 'TISSOT-T006.407.11.033.00-1-699x699.jpg', 1),
(94, 22, 'TISSOT ĐÔI – KÍNH SAPPHIRE – QUARTZ (PIN) – DÂY KIM LOẠI (T101.410.11.031.01 – T101.210.11.031.00)', 18580000, '<p>Đồng hồ đ&ocirc;i Tissot với mặt đồng hồ kiểu tr&ograve;n truyền thống, kim chỉ gi&acirc;y m&agrave;u đỏ nổi bật tr&ecirc;n nền mặt số m&agrave;u trắng trang nh&atilde;, vỏ m&aacute;y c&ugrave;ng với d&acirc;y đeo kim loại m&agrave;u bạc tạo n&ecirc;n vẻ sang trọng cho cặp đ&ocirc;i.</p>\r\n\r\n<table cellspacing=\"0\" style=\"border-collapse:collapse; width:300px\">\r\n	<tbody>\r\n		<tr>\r\n			<td style=\"background-color:#efeff1; height:19px; text-align:left; vertical-align:top; width:180px\">\r\n			<p><strong>Thương Hiệu</strong></p>\r\n			</td>\r\n			<td style=\"background-color:#efeff1; height:19px; text-align:left; vertical-align:top; width:180px\">\r\n			<p>Tissot</p>\r\n			</td>\r\n		</tr>\r\n		<tr>\r\n			<td style=\"height:19px; text-align:left; vertical-align:top\">\r\n			<p><strong>Số Hiệu Sản Phẩm</strong></p>\r\n			</td>\r\n			<td style=\"text-align:left; vertical-align:top; width:519px\">\r\n			<p>T101.410.11.031.01 (Nam) &ndash; T101.210.11.031.00 (Nữ)</p>\r\n			</td>\r\n		</tr>\r\n		<tr>\r\n			<td style=\"background-color:#efeff1; height:19px; text-align:left; vertical-align:top\">\r\n			<p><strong>Xuất Xứ</strong></p>\r\n			</td>\r\n			<td style=\"background-color:#efeff1; height:19px; text-align:left; vertical-align:top\">\r\n			<p>Thụy Sỹ</p>\r\n			</td>\r\n		</tr>\r\n		<tr>\r\n			<td style=\"height:19px; text-align:left; vertical-align:top\">\r\n			<p><strong>Gi&aacute;</strong></p>\r\n			</td>\r\n			<td style=\"text-align:left; vertical-align:top; width:519px\">9,290,000 (Nam) &ndash; 9,290,000 (Nữ) VND / C&aacute;i</td>\r\n		</tr>\r\n		<tr>\r\n			<td style=\"background-color:#efeff1; height:19px; text-align:left; vertical-align:top\">\r\n			<p><strong>K&iacute;nh</strong></p>\r\n			</td>\r\n			<td style=\"background-color:#efeff1; height:19px; text-align:left; vertical-align:top\">\r\n			<p>Sapphire (K&iacute;nh Chống Trầy)</p>\r\n			</td>\r\n		</tr>\r\n		<tr>\r\n			<td style=\"height:19px; text-align:left; vertical-align:top\">\r\n			<p><strong>M&aacute;y</strong></p>\r\n			</td>\r\n			<td style=\"text-align:left; vertical-align:top; width:519px\">Quartz (Pin)</td>\r\n		</tr>\r\n		<tr>\r\n			<td style=\"background-color:#efeff1; height:19px; text-align:left; vertical-align:top\">\r\n			<p><strong>Bảo H&agrave;nh Quốc Tế</strong></p>\r\n			</td>\r\n			<td style=\"background-color:#efeff1; height:19px; text-align:left; vertical-align:top\">\r\n			<p>2 Năm</p>\r\n			</td>\r\n		</tr>\r\n		<tr>\r\n			<td style=\"background-color:#efeff1; height:19px; text-align:left; vertical-align:top\">\r\n			<p><strong>Đường K&iacute;nh Mặt Số</strong></p>\r\n			</td>\r\n			<td style=\"background-color:#efeff1; height:19px; text-align:left; vertical-align:top\">\r\n			<p>39 mm (Nam) &ndash; 33 mm (Nữ)</p>\r\n			</td>\r\n		</tr>\r\n		<tr>\r\n			<td style=\"height:19px; text-align:left; vertical-align:top\">\r\n			<p><strong>Bề D&agrave;y Mặt Số</strong></p>\r\n			</td>\r\n			<td style=\"text-align:left; vertical-align:top; width:519px\">\r\n			<p>9.1 mm (Nam) &ndash; 9 mm (Nữ)&nbsp;</p>\r\n			</td>\r\n		</tr>\r\n		<tr>\r\n			<td style=\"background-color:#efeff1; height:19px; text-align:left; vertical-align:top\">\r\n			<p><strong>Niềng</strong></p>\r\n			</td>\r\n			<td style=\"background-color:#efeff1; height:19px; text-align:left; vertical-align:top\">\r\n			<p>Th&eacute;p Kh&ocirc;ng Gỉ</p>\r\n			</td>\r\n		</tr>\r\n		<tr>\r\n			<td style=\"height:19px; text-align:left; vertical-align:top\">\r\n			<p><strong>D&acirc;y Đeo</strong></p>\r\n			</td>\r\n			<td style=\"text-align:left; vertical-align:top; width:519px\">\r\n			<p>Th&eacute;p Kh&ocirc;ng Gỉ</p>\r\n			</td>\r\n		</tr>\r\n		<tr>\r\n			<td style=\"background-color:#efeff1; height:19px; text-align:left; vertical-align:top\">\r\n			<p><strong>M&agrave;u Mặt Số</strong></p>\r\n			</td>\r\n			<td style=\"background-color:#efeff1; height:19px; text-align:left; vertical-align:top\">\r\n			<p>Trắng</p>\r\n			</td>\r\n		</tr>\r\n		<tr>\r\n			<td style=\"height:19px; text-align:left; vertical-align:top\">\r\n			<p><strong>Chống Nước</strong></p>\r\n			</td>\r\n			<td style=\"text-align:left; vertical-align:top; width:519px\">\r\n			<p>10 ATM (Nam) &ndash; 10 ATM (Nữ)</p>\r\n			</td>\r\n		</tr>\r\n		<tr>\r\n			<td style=\"background-color:#efeff1; height:19px; text-align:left; vertical-align:top\">\r\n			<p><strong>Chức Năng</strong></p>\r\n			</td>\r\n			<td style=\"background-color:#efeff1; height:19px; text-align:left; vertical-align:top\">\r\n			<p>Lịch Ng&agrave;y</p>\r\n			</td>\r\n		</tr>\r\n	</tbody>\r\n</table>\r\n\r\n<p><br />\r\n&nbsp;</p>\r\n', '186_-T101.410.11.031.01-T101.210.11.031.00-699x699.jpg', 1);

--
-- Indexes for dumped tables
--

--
-- Indexes for table `danhmuc_sanpham`
--
ALTER TABLE `danhmuc_sanpham`
  ADD PRIMARY KEY (`danhmuc_sanpham_id`),
  ADD UNIQUE KEY `danhmuc_sanpham_id` (`danhmuc_sanpham_id`),
  ADD UNIQUE KEY `ten_danhmuc_sanpham` (`ten_danhmuc_sanpham`);

--
-- Indexes for table `giohang`
--
ALTER TABLE `giohang`
  ADD PRIMARY KEY (`giohang_id`),
  ADD UNIQUE KEY `giohang_id` (`giohang_id`),
  ADD KEY `nguoidung_id` (`nguoidung_id`);

--
-- Indexes for table `giohang_chitiet`
--
ALTER TABLE `giohang_chitiet`
  ADD PRIMARY KEY (`giohang_id`,`sanpham_id`),
  ADD KEY `sanpham_id` (`sanpham_id`);

--
-- Indexes for table `nguoidung`
--
ALTER TABLE `nguoidung`
  ADD PRIMARY KEY (`nguoidung_id`),
  ADD UNIQUE KEY `nguoidung_id` (`nguoidung_id`),
  ADD UNIQUE KEY `email` (`email`),
  ADD UNIQUE KEY `dienthoai` (`dienthoai`),
  ADD KEY `nhom_nguoidung_id_FK` (`nhom_nguoidung_id`);

--
-- Indexes for table `nhom_nguoidung`
--
ALTER TABLE `nhom_nguoidung`
  ADD PRIMARY KEY (`nhom_nguoidung_id`),
  ADD UNIQUE KEY `nhom_nguoidung_id` (`nhom_nguoidung_id`);

--
-- Indexes for table `sanpham`
--
ALTER TABLE `sanpham`
  ADD PRIMARY KEY (`sanpham_id`),
  ADD UNIQUE KEY `sanpham_id` (`sanpham_id`),
  ADD KEY `danhmuc_sanpham_id` (`danhmuc_sanpham_id`);

--
-- AUTO_INCREMENT for dumped tables
--

--
-- AUTO_INCREMENT for table `danhmuc_sanpham`
--
ALTER TABLE `danhmuc_sanpham`
  MODIFY `danhmuc_sanpham_id` int(11) NOT NULL AUTO_INCREMENT, AUTO_INCREMENT=34;

--
-- AUTO_INCREMENT for table `giohang`
--
ALTER TABLE `giohang`
  MODIFY `giohang_id` int(11) NOT NULL AUTO_INCREMENT, AUTO_INCREMENT=13;

--
-- AUTO_INCREMENT for table `nguoidung`
--
ALTER TABLE `nguoidung`
  MODIFY `nguoidung_id` int(11) NOT NULL AUTO_INCREMENT, AUTO_INCREMENT=8;

--
-- AUTO_INCREMENT for table `nhom_nguoidung`
--
ALTER TABLE `nhom_nguoidung`
  MODIFY `nhom_nguoidung_id` int(11) NOT NULL AUTO_INCREMENT, AUTO_INCREMENT=4;

--
-- AUTO_INCREMENT for table `sanpham`
--
ALTER TABLE `sanpham`
  MODIFY `sanpham_id` int(11) NOT NULL AUTO_INCREMENT, AUTO_INCREMENT=95;

--
-- Constraints for dumped tables
--

--
-- Constraints for table `giohang`
--
ALTER TABLE `giohang`
  ADD CONSTRAINT `nguoidung_id_fk` FOREIGN KEY (`nguoidung_id`) REFERENCES `nguoidung` (`nguoidung_id`);

--
-- Constraints for table `giohang_chitiet`
--
ALTER TABLE `giohang_chitiet`
  ADD CONSTRAINT `giohang_id_FK` FOREIGN KEY (`giohang_id`) REFERENCES `giohang` (`giohang_id`),
  ADD CONSTRAINT `sanpham_id_fk` FOREIGN KEY (`sanpham_id`) REFERENCES `sanpham` (`sanpham_id`);

--
-- Constraints for table `nguoidung`
--
ALTER TABLE `nguoidung`
  ADD CONSTRAINT `nhom_nguoidung_id_FK` FOREIGN KEY (`nhom_nguoidung_id`) REFERENCES `nhom_nguoidung` (`nhom_nguoidung_id`);

--
-- Constraints for table `sanpham`
--
ALTER TABLE `sanpham`
  ADD CONSTRAINT `danhmuc_sanpham_id` FOREIGN KEY (`danhmuc_sanpham_id`) REFERENCES `danhmuc_sanpham` (`danhmuc_sanpham_id`);
COMMIT;

/*!40101 SET CHARACTER_SET_CLIENT=@OLD_CHARACTER_SET_CLIENT */;
/*!40101 SET CHARACTER_SET_RESULTS=@OLD_CHARACTER_SET_RESULTS */;
/*!40101 SET COLLATION_CONNECTION=@OLD_COLLATION_CONNECTION */;

